Country Code,GDP Year (PPP),"GDP per capita, PPP (current international $)",GDP Year (USD),GDP per capita (current US$)
ABW,2024,51712.1531358934,2024,38590.5650288641
AFE,2024,4635.1250488764,2024,1628.22728900442
AFG,2024,2236.19907311431,2024,416.871146273728
AFW,2024,6840.33388231922,2024,1416.22841156776
AGO,2024,9963.59020874287,2024,2720.81900669715
ALB,2024,26701.7649330157,2024,11374.0085781236
AND,2024,75394.8581564469,2024,49357.437070178
ARB,2024,18963.7188719868,2024,7602.41115691284
ARE,2024,79343.7793099888,2024,50273.5126243239
ARG,2024,30475.3876517556,2024,13969.7836603737
ARM,2024,22856.32510991,2024,8556.21406956719
ASM,,,2022,18017.4589383973
ATG,2024,33351.5904481886,2024,23059.8330702839
AUS,2024,72117.8826659555,2024,64609.9865116088
AUT,2024,75774.4136543206,2024,58268.8787651601
AZE,2024,25146.3588844273,2024,7294.64276088105
BDI,2024,1193.03528498996,2024,216.231928531758
BEL,2024,74224.5510568017,2024,56581.9375642531
BEN,2024,4441.00443511982,2024,1485.38018885134
BFA,2024,2901.04214238045,2024,982.493100418428
BGD,2024,9660.77962818873,2024,2593.41611680774
BGR,2024,41969.595471884,2024,17596.9167621233
BHR,2024,67230.1000247874,2024,29717.1424605273
BHS,2024,41257.7650774105,2024,39455.4466548546
BIH,2024,25148.0128390147,2024,9397.90942855997
BLR,2024,33166.3827902975,2024,8605.60954569694
BLZ,2024,14367.3539278152,2024,7681.24400583113
BMU,2024,118727.973294368,2024,142250.433195123
BOL,2024,12896.3370149215,2024,4421.16609889999
BRA,2024,22370.9182253225,2024,10310.5486973693
BRB,2024,24539.6254147583,2024,26897.2002039176
BRN,2024,90009.8912498003,2024,33153.4738913513
BTN,2024,17762.4053956096,2024,4228.05102403654
BWA,2024,20612.4785435561,2024,7649.81663744354
CAF,2024,1264.93671692975,2024,516.160999996036
CAN,2024,65482.9454728344,2024,55015.7066917734
CEB,2024,50542.6280755689,2024,24616.0957872816
CHE,2024,97467.7447151829,2024,107702.065940312
CHI,,,2023,74585.5224096294
CHL,2024,36070.892945837,2024,16658.9652720351
CHN,2024,27139.5181633767,2024,13293.1162269366
CIV,2024,7680.36980823038,2024,2727.8935220697
CMR,2024,5597.10321648993,2024,1830.00833684727
COD,2024,1823.27705135453,2024,692.887665085098
COG,2024,7003.66225819816,2024,2482.2489948456
COL,2024,22439.4001359818,2024,7951.08624019412
COM,2024,4047.95264193561,2024,1857.87060684189
CPV,2024,11184.7207350908,2024,5170.20531932535
CRI,2024,31552.1489834288,2024,18853.2828705886
CSS,2024,38670.9082440011,2024,19923.5745910977
CUB,,,2020,9605.27914559614
CUW,2024,32740.7736763943,2024,22832.895498987
CYM,2024,92201.086358256,2024,104292.900672109
CYP,2024,63006.765625,2024,38674.3125
CZE,2024,57625.0961715706,2024,31827.7552539413
DEU,2024,73957.0012170966,2024,56103.7323182554
DJI,2024,7821.62138070711,2024,3552.72335079222
DMA,2024,21331.6193698018,2024,10405.2787777582
DNK,2024,80937.8001363997,2024,71026.4832271897
DOM,2024,27581.6606581871,2024,10875.6618443092
DZA,2024,17646.332598878,2024,5752.99076651465
EAP,2024,23283.4130214757,2024,10391.1526101394
EAR,2024,13811.1555049488,2024,4405.28492630999
EAS,2024,27438.5129211192,2024,13482.4788785045
ECA,2024,29265.2526450133,2024,9801.70054676084
ECS,2024,52686.8964371402,2024,31630.8552937604
ECU,2024,15848.3400023446,2024,6826.5294137822
EGY,2024,19121.874936645,2024,3338.47371043679
EMU,2024,65966.8442234144,2024,46424.2413084574
ESP,2024,58063.7350840487,2024,35326.7683069278
EST,2024,50395.7686402966,2024,31428.3547816104
ETH,2024,3292.3093336937,2024,1133.88279681256
EUU,2024,63808.066483507,2024,43313.7668203916
FIN,2024,65137.1816928289,2024,53155.5451165897
FJI,2024,15472.737444718,2024,6425.74151715712
FRA,2024,62524.5434134804,2024,46103.0840855884
FRO,2024,82089.2832575392,2024,74175.2776311377
FSM,2024,4452.31995062055,2024,4251.69052668788
GAB,2024,21541.4112646776,2024,8230.04311451151
GBR,2024,62839.4679324927,2024,53341.3131094262
GEO,2024,27486.8762116648,2024,8967.67525638987
GHA,2024,8051.19381149848,2024,2419.2518672482
GIN,2024,4571.93087130821,2024,1694.95375862185
GMB,2024,3480.66001035486,2024,871.340287547821
GNB,2024,3093.46533465682,2024,998.376093392688
GNQ,2024,17072.4273818835,2024,7003.58055684906
GRC,2024,44170.9556658376,2024,24626.1481858973
GRD,2024,19903.184889337,2024,11528.9220811928
GRL,2023,78905.5801137274,2023,58498.9707973609
GTM,2024,14393.0528302577,2024,6150.89465281457
GUM,,,2022,41833.1517132825
GUY,2024,80271.4254322872,2024,29675.2501582835
HKG,2024,75341.6985534061,2024,54274.7547767073
HND,2024,7502.56902428309,2024,3415.96027916712
HPC,2024,3620.11674779792,2024,1220.84577070029
HRV,2024,49550.8073348367,2024,24049.9441746337
HTI,2024,3168.87908307377,2024,2060.35591768638
HUN,2024,48540.1614792293,2024,23305.4482514359
IBD,2024,21007.2920507601,2024,8186.57476056638
IBT,2024,16713.4152377213,2024,6304.3969997243
IDA,2024,5736.82650018978,2024,1487.2803211344
IDB,2024,7676.22430731754,2024,1658.96290902751
IDN,2024,16472.4825935409,2024,4925.43644992666
IDX,2024,4713.40465729198,2024,1395.67575971244
IMN,,,2023,90015.2074234398
IND,2024,10718.5934040662,2024,2591.9916607122
IRL,2024,140779.203379453,2024,112894.953240805
IRN,2024,19902.7484779621,2024,5190.16959024821
IRQ,2024,14485.3248937523,2024,6073.61032342708
ISL,2024,83561.4294628375,2024,85863.1479330343
ISR,2024,57277.8631217651,2024,54216.5218142787
ITA,2024,62292.9012423008,2024,40429.6224047352
JAM,2024,12908.9862451809,2024,7753.8119527678
JOR,2024,11916.3623210714,2024,5073.92103605892
JPN,2024,54156.2687689605,2024,33797.1014287876
KAZ,2024,40950.3167392792,2024,14154.6324958076
KEN,2024,6649.67919174449,2024,2133.46193404026
KGZ,2024,8208.03081858011,2024,2514.81066933171
KHM,2024,7981.50816402382,2024,2627.87969756224
KIR,2024,3728.03970809328,2024,2550.98377226188
KNA,2024,34897.2104637487,2024,23960.6534357084
KOR,2024,61051.3492502498,2024,36238.639908315
KWT,2024,53119.3783662664,2024,32855.7209688827
LAC,2024,22069.8710887458,2024,10065.5029056612
LAO,2024,9790.02538664409,2024,2123.97909415109
LBN,2024,11917.4502960889,2024,4473.27134441128
LBR,2024,1873.76133636244,2024,851.497723870206
LBY,2024,14324.5818697336,2024,6569.16408678648
LCA,2024,28116.7677870924,2024,14493.658470648
LCN,2024,23059.8669505445,2024,10705.1067802788
LDC,2024,4468.51455719252,2024,1299.44368873396
LIE,,,2024,220167.225473557
LKA,2024,15701.0907191253,2024,4545.36006870612
LMY,2024,15561.275392703,2024,5874.03080372303
LSO,2024,3070.79580931865,2024,1023.04227681523
LTE,2024,28387.5107480613,2024,12874.6436381177
LTU,2024,55699.3734421294,2024,29603.7772588256
LUX,2024,156079.3685607,2024,137781.681659123
LVA,2024,43873.3777849582,2024,23578.9663562625
MAC,2024,127144.298137913,2024,72004.7437020733
MAF,,,2021,21668.3776525323
MAR,2024,10430.2490234375,2024,4153.1943359375
MCO,,,2024,288001.574856495
MDA,2024,18661.6606470212,2024,7578.90216348853
MDG,2024,1888.66403175151,2024,550.37875528856
MDV,2024,26220.8078173473,2024,13379.3513577224
MEA,2024,16325.7848019477,2024,6275.43469598207
MEX,2024,25820.3527960242,2024,13988.0423745241
MHL,2024,8237.95897993999,2024,7590.28443592202
MIC,2024,17196.0137583471,2024,6507.45727213279
MKD,2024,26995.5213483235,2024,9291.8566035502
MLI,2024,3321.57614442921,2024,1093.2523323649
MLT,2024,70062.9017440762,2024,44023.6341078148
MMR,2024,6006.17514543646,2024,1359.05001560107
MNA,2024,11251.4824664853,2024,2963.06913716955
MNE,2024,34062.8241865953,2024,13270.1824401005
MNG,2024,19172.5295870282,2024,6750.6301157724
MNP,,,2022,23785.754590043
MOZ,2024,1708.3035966667,2024,656.976148587772
MRT,2024,7379.45422386145,2024,2104.54260769051
MUS,2024,31696.7381226145,2024,11990.9355434317
MWI,2024,1860.31534523381,2024,522.365366146003
MYS,2024,38835.6013146653,2024,11874.4273684245
NAC,2024,83936.752895039,2024,82808.120496409
NAM,2024,11697.9201596588,2024,4501.84849548225
NCL,,,2024,29213.1923192946
NER,2024,2044.04904937758,2024,729.856664168989
NGA,2024,9099.86943863676,2024,1084.16041805058
NIC,2024,8720.86923379042,2024,2847.87639497305
NLD,2024,85218.3689343246,2024,67465.3208126875
NOR,2024,105657.0339185,2024,89888.9535204758
NPL,2024,5745.64525192255,2024,1460.28237984149
NRU,2024,13612.0368416276,2024,14048.163961344
NZL,2024,55793.9990422226,2024,49432.3626396797
OED,2024,62344.5282358954,2024,48881.8109051634
OMN,2024,41800.7841364086,2024,20285.2272765262
OSS,2024,29435.9436697315,2024,16111.8328238083
PAK,2024,6263.186935403,2024,1479.47755241191
PAN,2024,41429.5092511481,2024,19161.218843129
PER,2024,17881.8685833242,2024,8526.29665719783
PHL,2024,11813.805926453,2024,3985.29464669706
PLW,2024,21059.1347141726,2024,18169.0767165866
PNG,2024,4886.53186994995,2024,2912.4914068385
POL,2024,51262.5105756884,2024,25103.565661423
PRE,2024,5273.74958372838,2024,1372.7115352549
PRI,2024,50332.9848222477,2024,39353.2242360643
PRT,2024,52512.5651003677,2024,29328.3067415343
PRY,2024,18631.6436164051,2024,6456.60723068562
PSE,2024,4770.6463157404,2024,3028.25481286981
PSS,2024,8326.23496459608,2024,4528.48364572376
PST,2024,68602.7221788617,2024,56385.0585145595
PYF,,,2024,22439.8838746025
QAT,2024,126712.582876079,2024,75685.0865779973
ROU,2024,49076.7137157187,2024,20080.2096215595
RUS,2024,47686.06640625,2024,14961.8974609375
RWA,2024,3784.9629495071,2024,1059.93709298801
SAS,2024,10594.5335959681,2024,2601.82209529365
SAU,2024,71936.2510663399,2024,35527.786181866
SDN,2024,2118.88891601563,2024,984.607666015625
SEN,2024,5097.24318834766,2024,1738.73223822106
SGP,2024,153161.175431382,2024,94896.5621495988
SLB,2024,2679.1210283533,2024,1933.55538435227
SLE,2024,3527.42124292431,2024,806.654650274255
SLV,2024,13258.1805042704,2024,5503.10317151907
SMR,2023,78810.3378046111,2023,59871.3288101478
SOM,2024,1604.29116285918,2024,629.538899449007
SRB,2024,32832.274492238,2024,13677.7794863909
SSA,2024,5523.13654766133,2024,1541.07573422834
SSF,2024,5525.75233957231,2024,1542.65844261619
SST,2024,28670.4071711442,2024,15409.264856078
STP,2024,6274.34741942922,2024,3502.6176807171
SUR,2024,21832.187015648,2024,6961.78956060258
SVK,2024,47846.6169154961,2024,25992.6748502048
SVN,2024,57570.5904042272,2024,34301.0318686594
SWE,2024,71221.9379308266,2024,57222.7100565003
SWZ,2024,11822.961305357,2024,3909.55892378182
SXM,2024,53846.7442635227,2024,41472.5870367865
SYC,2024,33339.491987317,2024,18364.5259678223
SYR,2022,4905.15252202552,2022,1056.78264718197
TCA,2024,38009.5079479808,2024,37506.7798431288
TCD,2024,2766.98134913811,2024,980.668312111718
TEA,2024,23545.5187860765,2024,10508.2462082104
TEC,2024,38191.6752565419,2024,13364.4486876078
TGO,2024,3814.83532681353,2024,1266.08777721447
THA,2024,24909.2266037939,2024,7386.63615126055
TJK,2024,5413.83109811464,2024,1362.02559981695
TKM,2024,21025.8403822415,2024,5904.25772576512
TLA,2024,22938.8544443974,2024,10441.4685782421
TLS,2024,4429.20182282365,2024,1331.9705130185
TMN,2024,11299.4554855773,2024,2962.60094580465
TON,2024,8174.34840883872,2024,6215.38990974121
TSA,2024,10594.5335959681,2024,2601.82209529365
TSS,2024,5525.75233957231,2024,1542.65844261619
TTO,2024,36381.2720794439,2024,18733.4110406494
TUN,2024,14542.0966234293,2024,4187.64079392362
TUR,2024,45122.9317187258,2024,15892.7157287241
TUV,2024,6365.76616505123,2024,5883.50257114002
TZA,2024,4226.92626953125,2024,1192.60668945313
UGA,2024,3278.02086557843,2024,1077.91278438613
UKR,2024,18636.13671875,2024,5391.62255859375
URY,2024,36596.7847357669,2024,24308.4954958447
USA,2024,86169.6641581914,2024,86169.6641581917
UZB,2024,12518.4323028403,2024,3337.45492058664
VCT,2024,21302.9730252553,2024,11501.2265187188
VEN,,,2024,4244.45723136019
VIR,2022,49785.1412220186,2022,44320.909185774
VNM,2024,16387.9087954113,2024,4716.6599379632
VUT,2024,4367.82503750089,2024,3959.87703462363
WLD,2024,24544.4750035019,2024,13717.0909956338
WSM,2024,8750.62541028446,2024,5392.87761915762
XKX,2024,17890.3600994298,2024,7026.6988128325
YEM,,,2018,633.887202451545
ZAF,2024,15478.6456794969,2024,6267.186814093
ZMB,2024,4221.01397093025,2024,1187.10943350064
ZWE,2024,5932.87021993648,2024,2496.15514995576
