region,week,coverage_median,coverage_lower,coverage_upper,interval_percent
Australia and New Zealand,1,0.0,0.0,0.0,50.0
Australia and New Zealand,2,0.003821189984272415,0.003071316980988491,0.004653389795408973,50.0
Australia and New Zealand,3,0.025627915100606708,0.021307658132257837,0.030726918547678634,50.0
Australia and New Zealand,4,0.04893818140853436,0.040598086710933685,0.05841136243724856,50.0
Australia and New Zealand,5,0.06202721342576924,0.05147985327781499,0.07423182320172257,50.0
Australia and New Zealand,6,0.07683016834885201,0.06328876478565953,0.091709796388255,50.0
Australia and New Zealand,7,0.09233124444379426,0.07553956838614254,0.11045035695760186,50.0
Australia and New Zealand,8,0.10948775503051436,0.0892020184922114,0.13142703191842633,50.0
Australia and New Zealand,9,0.12855771136470429,0.10340847359750581,0.15445061184506392,50.0
Australia and New Zealand,10,0.14872803036998353,0.11886748910614252,0.17889051694998404,50.0
Australia and New Zealand,11,0.16834295803550037,0.13357625473450357,0.20370725743039872,50.0
Australia and New Zealand,12,0.18812128969430508,0.1489045293462333,0.22822636512360003,50.0
Australia and New Zealand,13,0.20788013455750456,0.16411842665953702,0.2530265041899261,50.0
Australia and New Zealand,14,0.22785005693176616,0.1790768139661625,0.27720434331892074,50.0
Australia and New Zealand,15,0.24332131682950858,0.18994485718532608,0.29698142111043635,50.0
Australia and New Zealand,16,0.25912937575196227,0.20128497558390815,0.31717589156785986,50.0
Australia and New Zealand,17,0.27474543885099856,0.21165893599290073,0.3363341433618751,50.0
Australia and New Zealand,18,0.2895553258462039,0.2222673657615474,0.35596317217848583,50.0
Australia and New Zealand,19,0.30615437885124375,0.23305974247698402,0.3748527641076655,50.0
Australia and New Zealand,20,0.32131834651113295,0.24462248258754135,0.39504886490361096,50.0
Australia and New Zealand,21,0.33651641028482726,0.2554659146811883,0.4138483401144597,50.0
Australia and New Zealand,22,0.35077015203737694,0.26702826149265557,0.43322674349326296,50.0
Australia and New Zealand,23,0.3659286002403204,0.27738012831217573,0.45380388527435034,50.0
Australia and New Zealand,24,0.38073700836392466,0.2890988084315922,0.4734981241186647,50.0
Australia and New Zealand,25,0.3952172394813569,0.29918647867118653,0.4933686936518015,50.0
Australia and New Zealand,26,0.4100932897175339,0.3096946718283172,0.5119757114960528,50.0
Caribbean,1,0.0,0.0,0.0,50.0
Caribbean,2,0.00027273744366558463,0.00021921525638066375,0.00033213570704493985,50.0
Caribbean,3,0.0017733848480710453,0.0014690448038685569,0.0021142213436097564,50.0
Caribbean,4,0.003378574271840416,0.002800495906627597,0.004024291336061155,50.0
Caribbean,5,0.004247748454498596,0.0035235897782111146,0.005096694435326047,50.0
Caribbean,6,0.005251977989998892,0.00432334578170967,0.006237943652782433,50.0
Caribbean,7,0.006293740749765792,0.005145162647718924,0.0075224959190117666,50.0
Caribbean,8,0.007477937117084442,0.006054553000286106,0.00893549497107859,50.0
Caribbean,9,0.008750696766552596,0.0070122159240336894,0.010482887049934688,50.0
Caribbean,10,0.01013575338197372,0.008033722090741002,0.012222566274890446,50.0
Caribbean,11,0.011468600424056624,0.00903261113897246,0.013932453290570534,50.0
Caribbean,12,0.012850256704385289,0.010026760607221078,0.015572343108812588,50.0
Caribbean,13,0.014183964319097372,0.011082642436162906,0.01730188731669844,50.0
Caribbean,14,0.01555144406793416,0.012130642678417632,0.0189982383563483,50.0
Caribbean,15,0.016695520663088943,0.012867312757151396,0.020390809329130972,50.0
Caribbean,16,0.017776000732802777,0.013614752034045791,0.02177641861172107,50.0
Caribbean,17,0.018878853165261122,0.014456753576959911,0.023156065002067353,50.0
Caribbean,18,0.019965094855406908,0.015271000708914543,0.02453581316444484,50.0
Caribbean,19,0.021089319149821657,0.016108314068332467,0.025977045495425115,50.0
Caribbean,20,0.022120719058257007,0.01687309571326112,0.027350048509609856,50.0
Caribbean,21,0.02318490917132285,0.017663667915295587,0.028753072278572316,50.0
Caribbean,22,0.024259199912521637,0.01842665181277587,0.030134983332074282,50.0
Caribbean,23,0.025282179983001033,0.019172231205472325,0.03149305026643643,50.0
Caribbean,24,0.026328029996755244,0.019977122893556753,0.03286877969434721,50.0
Caribbean,25,0.027376352815358492,0.020801624095251943,0.034246568573342434,50.0
Caribbean,26,0.0284902787147416,0.02164119259269638,0.03561371540024828,50.0
Central America,1,0.0,0.0,0.0,50.0
Central America,2,0.003125313291216105,0.002511999618372481,0.003805961241566013,50.0
Central America,3,0.019244152303626645,0.015846226758331347,0.02300227668766869,50.0
Central America,4,0.0365208111534234,0.03018494220651569,0.043718699022757226,50.0
Central America,5,0.04567183151590984,0.03763800494448976,0.054453492049791476,50.0
Central America,6,0.055982394724794785,0.0458092977137211,0.06684632908914286,50.0
Central America,7,0.06672715987413533,0.05461532255123385,0.08011309448899345,50.0
Central America,8,0.07893515092229975,0.06353567471690474,0.0949500296887834,50.0
Central America,9,0.09277514824025973,0.07384129158730544,0.11145918655829937,50.0
Central America,10,0.10747329728220203,0.08426084514379317,0.1293040532424828,50.0
Central America,11,0.12192017730830496,0.09508032316460777,0.14774500965041704,50.0
Central America,12,0.13646092888993086,0.10608880177746266,0.1664009223356366,50.0
Central America,13,0.1507874613226748,0.11697916155952236,0.1850199401204996,50.0
Central America,14,0.16561405867573928,0.1276509440822311,0.20309041448515291,50.0
Central America,15,0.17828529851566538,0.13680152213816774,0.2190428557260903,50.0
Central America,16,0.19075545585765996,0.14651060538516034,0.23530354631176084,50.0
Central America,17,0.20277579508370186,0.15572701758192956,0.25108786315028775,50.0
Central America,18,0.21484492287297813,0.16453686644330642,0.2669360152035083,50.0
Central America,19,0.2263691587270178,0.1737989835699779,0.2831320137363766,50.0
Central America,20,0.23840229574870903,0.18274259098328782,0.2992545415699138,50.0
Central America,21,0.2509489489971193,0.1916536121194759,0.31448711319780065,50.0
Central America,22,0.263840802377454,0.20012579008515485,0.330694706295568,50.0
Central America,23,0.27617891165022435,0.20903210397146854,0.34657973157081023,50.0
Central America,24,0.28881730872692474,0.2178506647771987,0.3616782361384657,50.0
Central America,25,0.3015144977375084,0.22637805594421584,0.3781107475882541,50.0
Central America,26,0.31409642121352527,0.23576316597896876,0.39434156232306894,50.0
Central Asia,1,0.0,0.0,0.0,50.0
Central Asia,2,0.003325509339713421,0.002672909053864388,0.0040497570886693845,50.0
Central Asia,3,0.020695690899431747,0.017062529378637635,0.024705053328583165,50.0
Central Asia,4,0.03926834581028077,0.03254372845580895,0.04709603760137508,50.0
Central Asia,5,0.04920902018612531,0.04054565540964723,0.0587876212590032,50.0
Central Asia,6,0.060371082107914066,0.04952311796515039,0.07186583357199418,50.0
Central Asia,7,0.07226978932447495,0.05892609859471502,0.08653384564926894,50.0
Central Asia,8,0.08564646967584057,0.06902085227087085,0.10260096977738409,50.0
Central Asia,9,0.10023101362303412,0.08002294313724023,0.12038390254016554,50.0
Central Asia,10,0.11607562520306913,0.09126330489715129,0.1398840437258786,50.0
Central Asia,11,0.13174142543083053,0.10288205444254708,0.15931949972831355,50.0
Central Asia,12,0.14742679365494427,0.11469591535977644,0.1793160245057482,50.0
Central Asia,13,0.16330714314985323,0.12657032617374597,0.19933829329940086,50.0
Central Asia,14,0.1789902204776757,0.13799010896045677,0.21900831172604515,50.0
Central Asia,15,0.19233515102671395,0.14746072778840047,0.23594994313410073,50.0
Central Asia,16,0.20580875349553784,0.1579913192857082,0.2528459856047421,50.0
Central Asia,17,0.21878414638189603,0.1683742987362724,0.27014372562924016,50.0
Central Asia,18,0.23172911112277123,0.17788726263612384,0.28713980029191777,50.0
Central Asia,19,0.24456168618139312,0.18735699350067708,0.30407863244343036,50.0
Central Asia,20,0.25684948872049984,0.19728972898854313,0.32099518594475507,50.0
Central Asia,21,0.2696056122564675,0.20626998451265835,0.337964442087016,50.0
Central Asia,22,0.282849128794005,0.21545366391032095,0.3543647624548122,50.0
Central Asia,23,0.2968537471670907,0.2247093785719215,0.3715770437778232,50.0
Central Asia,24,0.309918532377985,0.23387841049306318,0.3888375539314156,50.0
Central Asia,25,0.3233486615968285,0.2436986872635737,0.405907267314756,50.0
Central Asia,26,0.33686934453364203,0.2527097217180194,0.42255360208162757,50.0
Eastern Africa,1,0.0,0.0,0.0,50.0
Eastern Africa,2,5.711831731781691e-05,4.590937865579668e-05,6.955785920920918e-05,50.0
Eastern Africa,3,0.0003419539767107161,0.000281695727345418,0.00041047847627209976,50.0
Eastern Africa,4,0.0006476269996650598,0.0005352888708478126,0.0007812659041327179,50.0
Eastern Africa,5,0.000806487010279395,0.0006621366025066154,0.0009671312634801762,50.0
Eastern Africa,6,0.0009828906564592723,0.0008084161488688231,0.0011840359265624834,50.0
Eastern Africa,7,0.0011766066906664504,0.0009555955661926405,0.0014200163753924422,50.0
Eastern Africa,8,0.0013887293764368548,0.00112052608708723,0.0016744708292569534,50.0
Eastern Africa,9,0.0016256845166811704,0.0012932228235119235,0.0019653177008817414,50.0
Eastern Africa,10,0.0018835188074704133,0.0014731967281361594,0.0022867563480240024,50.0
Eastern Africa,11,0.0021403347559982204,0.0016690129745655475,0.0026200702221063636,50.0
Eastern Africa,12,0.0023965480571133332,0.0018653173925607036,0.0029514105860927514,50.0
Eastern Africa,13,0.0026514790273257562,0.002059936258482556,0.003273369426630649,50.0
Eastern Africa,14,0.002914851994354778,0.002251779952281929,0.0035990191190807966,50.0
Eastern Africa,15,0.0031399373157076846,0.002416963720018905,0.003897695953468987,50.0
Eastern Africa,16,0.003360879772641628,0.0025827653337022636,0.004193552710225187,50.0
Eastern Africa,17,0.003583907983242646,0.002750165141471189,0.0044739182715324045,50.0
Eastern Africa,18,0.003800942064827168,0.0029137639098426064,0.004763562981658803,50.0
Eastern Africa,19,0.004026430217343702,0.0030817693379835043,0.005056283019931752,50.0
Eastern Africa,20,0.00425758595400236,0.0032376587166929216,0.005341947182910204,50.0
Eastern Africa,21,0.004488751998055937,0.003402938514877006,0.005631448476699038,50.0
Eastern Africa,22,0.0047157602968977315,0.0035660375617869644,0.005920779240390401,50.0
Eastern Africa,23,0.004950635434343267,0.0037307515473194238,0.006210774616849187,50.0
Eastern Africa,24,0.005177864737827515,0.0038883264518179074,0.006504172989513174,50.0
Eastern Africa,25,0.005399941839133456,0.004051484219289872,0.006801959586924519,50.0
Eastern Africa,26,0.00562185125408011,0.004212919585702064,0.0071006131800122226,50.0
Eastern Asia,1,0.0,0.0,0.0,50.0
Eastern Asia,2,0.00357830276954797,0.002876094123680017,0.004357605264651273,50.0
Eastern Asia,3,0.022671631659738935,0.0187329265385091,0.02703846849185703,50.0
Eastern Asia,4,0.04312000474661532,0.035777279227888786,0.05153641992827179,50.0
Eastern Asia,5,0.054173230705683584,0.04462329534669528,0.06478450240903799,50.0
Eastern Asia,6,0.06680595746926989,0.054776900590251094,0.07932349349153675,50.0
Eastern Asia,7,0.07980416916073674,0.0650820863779879,0.09569569457148698,50.0
Eastern Asia,8,0.09456318887013104,0.0765148574617624,0.11341769884876532,50.0
Eastern Asia,9,0.11069282641913536,0.08863909736421138,0.13311130715457914,50.0
Eastern Asia,10,0.12812326202082328,0.10144542188911419,0.1548124622586538,50.0
Eastern Asia,11,0.14548377808166663,0.11389613646928888,0.17593800902190457,50.0
Eastern Asia,12,0.16271820770601783,0.12669202951425707,0.1975276425934926,50.0
Eastern Asia,13,0.18044225188401175,0.13950318014811866,0.21956099521207348,50.0
Eastern Asia,14,0.19796104739218273,0.152309790833957,0.24120709706934987,50.0
Eastern Asia,15,0.21205186064015527,0.16284302022385094,0.2593919008704395,50.0
Eastern Asia,16,0.22670963949934392,0.173389173277274,0.2776018400309954,50.0
Eastern Asia,17,0.24115702075522621,0.18483488853406438,0.29584729818964267,50.0
Eastern Asia,18,0.255057594657737,0.1957539630794793,0.31480241452800034,50.0
Eastern Asia,19,0.26869154192189754,0.20605681376261586,0.33308263131718796,50.0
Eastern Asia,20,0.2826606105756786,0.21589917711841083,0.35095032642112456,50.0
Eastern Asia,21,0.2961368994914999,0.22625809460071064,0.36862736056366047,50.0
Eastern Asia,22,0.30954974692308806,0.23625295850036504,0.3871208821499992,50.0
Eastern Asia,23,0.32350435652764903,0.24666712253019157,0.4048506497610803,50.0
Eastern Asia,24,0.338125563623832,0.2561866260785941,0.4232373618780244,50.0
Eastern Asia,25,0.3527302654581973,0.26617917193981244,0.4413781887205669,50.0
Eastern Asia,26,0.3672656078276007,0.27597797725843753,0.45997671179328975,50.0
Eastern Europe,1,0.0,0.0,0.0,50.0
Eastern Europe,2,0.002986929580027659,0.0024007724237512726,0.0036374395632025776,50.0
Eastern Europe,3,0.019481552370359544,0.01614457325253823,0.023249337683820225,50.0
Eastern Europe,4,0.03718142355300735,0.030757862366248192,0.044254756608719664,50.0
Eastern Europe,5,0.04672778975076941,0.038768613519951776,0.056026207864226844,50.0
Eastern Europe,6,0.057761359524981105,0.04757547273068728,0.06866699275551327,50.0
Eastern Europe,7,0.06931764137355831,0.056633401322462106,0.08271028030640099,50.0
Eastern Europe,8,0.08233635714698238,0.06664272771727248,0.09837081992062699,50.0
Eastern Europe,9,0.09639813929647964,0.07718371088132966,0.11541226458096085,50.0
Eastern Europe,10,0.11146048157557904,0.08847287586408424,0.13436462333005264,50.0
Eastern Europe,11,0.12641561393600978,0.0995010699675792,0.15320225741090857,50.0
Eastern Europe,12,0.14136921003062602,0.11040344819028045,0.1714382797981838,50.0
Eastern Europe,13,0.15620366639640193,0.12193877818859228,0.190260000678044,50.0
Eastern Europe,14,0.17104870785941562,0.13348309840732475,0.20944975518497516,50.0
Eastern Europe,15,0.18365393961618276,0.14182354652748286,0.22445922536305293,50.0
Eastern Europe,16,0.1954591944881321,0.14987457910313473,0.23922948694212853,50.0
Eastern Europe,17,0.2075407020997989,0.15906727042998128,0.2543915678369627,50.0
Eastern Europe,18,0.21980177828258374,0.16780661731943286,0.2699113373564719,50.0
Eastern Europe,19,0.231695793088497,0.17690726374034757,0.28520056146701445,50.0
Eastern Europe,20,0.24327620556080584,0.18530697373903585,0.3003813018842914,50.0
Eastern Europe,21,0.2548709611544277,0.1940884412814196,0.31577396945583475,50.0
Eastern Europe,22,0.2668391527440165,0.20271840257987198,0.33112068054123744,50.0
Eastern Europe,23,0.27807898001490206,0.21061781893722417,0.3460168495495217,50.0
Eastern Europe,24,0.2894863707684754,0.21934386971764966,0.36097580279458785,50.0
Eastern Europe,25,0.30079798707545224,0.2283624827829832,0.37609681072221,50.0
Eastern Europe,26,0.3127826725793129,0.23758525230048622,0.39117367722113855,50.0
Melanesia,1,0.0,0.0,0.0,50.0
Melanesia,2,0.0,0.0,0.0,50.0
Melanesia,3,0.0,0.0,0.0,50.0
Melanesia,4,0.0,0.0,0.0,50.0
Melanesia,5,0.0,0.0,0.0,50.0
Melanesia,6,0.0,0.0,0.0,50.0
Melanesia,7,0.0,0.0,0.0,50.0
Melanesia,8,0.0,0.0,0.0,50.0
Melanesia,9,0.0,0.0,0.0,50.0
Melanesia,10,0.0,0.0,0.0,50.0
Melanesia,11,0.0,0.0,0.0,50.0
Melanesia,12,0.0,0.0,0.0,50.0
Melanesia,13,0.0,0.0,0.0,50.0
Melanesia,14,0.0,0.0,0.0,50.0
Melanesia,15,0.0,0.0,0.0,50.0
Melanesia,16,0.0,0.0,0.0,50.0
Melanesia,17,0.0,0.0,0.0,50.0
Melanesia,18,0.0,0.0,0.0,50.0
Melanesia,19,0.0,0.0,0.0,50.0
Melanesia,20,0.0,0.0,0.0,50.0
Melanesia,21,0.0,0.0,0.0,50.0
Melanesia,22,0.0,0.0,0.0,50.0
Melanesia,23,0.0,0.0,0.0,50.0
Melanesia,24,0.0,0.0,0.0,50.0
Melanesia,25,0.0,0.0,0.0,50.0
Melanesia,26,0.0,0.0,0.0,50.0
Micronesia,1,0.0,0.0,0.0,50.0
Micronesia,2,0.0,0.0,0.0,50.0
Micronesia,3,0.0,0.0,0.0,50.0
Micronesia,4,0.0,0.0,0.0,50.0
Micronesia,5,0.0,0.0,0.0,50.0
Micronesia,6,0.0,0.0,0.0,50.0
Micronesia,7,0.0,0.0,0.0,50.0
Micronesia,8,0.0,0.0,0.0,50.0
Micronesia,9,0.0,0.0,0.0,50.0
Micronesia,10,0.0,0.0,0.0,50.0
Micronesia,11,0.0,0.0,0.0,50.0
Micronesia,12,0.0,0.0,0.0,50.0
Micronesia,13,0.0,0.0,0.0,50.0
Micronesia,14,0.0,0.0,0.0,50.0
Micronesia,15,0.0,0.0,0.0,50.0
Micronesia,16,0.0,0.0,0.0,50.0
Micronesia,17,0.0,0.0,0.0,50.0
Micronesia,18,0.0,0.0,0.0,50.0
Micronesia,19,0.0,0.0,0.0,50.0
Micronesia,20,0.0,0.0,0.0,50.0
Micronesia,21,0.0,0.0,0.0,50.0
Micronesia,22,0.0,0.0,0.0,50.0
Micronesia,23,0.0,0.0,0.0,50.0
Micronesia,24,0.0,0.0,0.0,50.0
Micronesia,25,0.0,0.0,0.0,50.0
Micronesia,26,0.0,0.0,0.0,50.0
Middle Africa,1,0.0,0.0,0.0,50.0
Middle Africa,2,3.911940474176295e-05,3.144258531087284e-05,4.763904427077434e-05,50.0
Middle Africa,3,0.00023403556617777112,0.00019282321926287045,0.0002808995745547218,50.0
Middle Africa,4,0.0004432572191312436,0.0003661820418792243,0.0005346944569760779,50.0
Middle Africa,5,0.000551923953011441,0.00045295280738218477,0.000661717620106627,50.0
Middle Africa,6,0.0006719653097045405,0.0005531353383748326,0.0008103642222338039,50.0
Middle Africa,7,0.0008045524030750883,0.0006537935274116198,0.0009711607009399558,50.0
Middle Africa,8,0.0009502108652255021,0.0007665471834924145,0.0011457210832424784,50.0
Middle Africa,9,0.0011114465533895467,0.0008844026101884363,0.0013445362566432426,50.0
Middle Africa,10,0.0012886802417180858,0.00100737176314064,0.0015637840977443015,50.0
Middle Africa,11,0.001464000546025494,0.001141573279464406,0.0017928651640623779,50.0
Middle Africa,12,0.0016398500208087338,0.0012760671830384085,0.0020193828101826134,50.0
Middle Africa,13,0.0018142192353683953,0.001409252575940201,0.0022393158380368755,50.0
Middle Africa,14,0.0019934316866329956,0.0015405454306927759,0.0024625480437197506,50.0
Middle Africa,15,0.0021479672906781705,0.001653622952531051,0.0026663815067226246,50.0
Middle Africa,16,0.002298640343543028,0.001766948870186474,0.002870158081035322,50.0
Middle Africa,17,0.0024516485248065783,0.001882163935763076,0.003062627286395913,50.0
Middle Africa,18,0.002600506661847245,0.001993506425960626,0.003259615324509417,50.0
Middle Africa,19,0.0027555872645635875,0.002109172768476284,0.0034604935021095465,50.0
Middle Africa,20,0.0029139532452799053,0.00221568641036487,0.00365629176402164,50.0
Middle Africa,21,0.0030727016104035495,0.0023295413967830314,0.003854418290117826,50.0
Middle Africa,22,0.00322749127185163,0.0024408807944310182,0.004053680119919165,50.0
Middle Africa,23,0.003388006731009894,0.002553975412138341,0.0042507455171099835,50.0
Middle Africa,24,0.0035434231883252794,0.002661100414322828,0.004453585970885672,50.0
Middle Africa,25,0.003696060955623623,0.0027727937623165475,0.004656648907536956,50.0
Middle Africa,26,0.003847321005802321,0.0028825584984754683,0.004861044691630425,50.0
Northern Africa,1,0.0,0.0,0.0,50.0
Northern Africa,2,0.0008122691926603211,0.0006528689164421313,0.00098916965338229,50.0
Northern Africa,3,0.005146370580464368,0.004252307254133767,0.006137658452434067,50.0
Northern Africa,4,0.009788083048939723,0.00812133441896028,0.011698628929751341,50.0
Northern Africa,5,0.012297127366811485,0.010129259083716464,0.014705855191058739,50.0
Northern Africa,6,0.015164655781309318,0.012434156807676087,0.01800619033267949,50.0
Northern Africa,7,0.018115205095977506,0.014773371367036733,0.021722518056741448,50.0
Northern Africa,8,0.02146539410905323,0.017368465342453017,0.025745259427568674,50.0
Northern Africa,9,0.02512665900476431,0.02012059626706298,0.030215833914494547,50.0
Northern Africa,10,0.029083383678137564,0.023027666430260163,0.03514166664591145,50.0
Northern Africa,11,0.03302430674884731,0.02585407142140952,0.03993706310572654,50.0
Northern Africa,12,0.03693637850027695,0.02875857741351124,0.04483791484408742,50.0
Northern Africa,13,0.04095942634337083,0.0316666076379273,0.04983967512094267,50.0
Northern Africa,14,0.04493600793661732,0.03457353506828552,0.05475316520655721,50.0
Northern Africa,15,0.0481349574449117,0.03696480419534772,0.05888108738978359,50.0
Northern Africa,16,0.051462227213998096,0.039358537612830896,0.06301463714433611,50.0
Northern Africa,17,0.05474125971278763,0.04195655499447918,0.06715654266425214,50.0
Northern Africa,18,0.0578970310128817,0.04443551150001623,0.0714590056611537,50.0
Northern Africa,19,0.0609918012423616,0.04677424897525681,0.07560870376434667,50.0
Northern Africa,20,0.06416284986524212,0.049008419483446766,0.07966441885898216,50.0
Northern Africa,21,0.06722196213645096,0.051359815444532254,0.08367736890601535,50.0
Northern Africa,22,0.07026659017528061,0.053628647394889685,0.08787524814004437,50.0
Northern Africa,23,0.07343450687698433,0.055992332811191516,0.09189974440628781,50.0
Northern Africa,24,0.07675328245501495,0.058153549854130064,0.0960737168662342,50.0
Northern Africa,25,0.08006879489615407,0.06042150475232744,0.10019174598101699,50.0
Northern Africa,26,0.0833683058136095,0.06264627276211078,0.10441352208339894,50.0
Northern America,1,0.0,0.0,0.0,50.0
Northern America,2,0.006478865406854126,0.0052074483141405096,0.007889868416428329,50.0
Northern America,3,0.04305356664483216,0.035691770277844474,0.051415921860031445,50.0
Northern America,4,0.08229077628080253,0.06794718860949407,0.09799869855683727,50.0
Northern America,5,0.10380639721071894,0.08616669075185475,0.12426781082470528,50.0
Northern America,6,0.1283164386098133,0.10567282402479644,0.15329803042568088,50.0
Northern America,7,0.15412366183769566,0.12620820325868448,0.18489357494443193,50.0
Northern America,8,0.18284502728827084,0.1486028204920465,0.21924758792533428,50.0
Northern America,9,0.21458259793646162,0.17246163994237318,0.2571976072458091,50.0
Northern America,10,0.2481814549803581,0.19756903560234906,0.2985174039829299,50.0
Northern America,11,0.28172560167465555,0.22294881969947325,0.34003433717805215,50.0
Northern America,12,0.31444839671880864,0.24811578534003478,0.3820470557226714,50.0
Northern America,13,0.3480072048386885,0.27254131369828105,0.42205031276441596,50.0
Northern America,14,0.3817340615840158,0.2983499426430342,0.46376001452378723,50.0
Northern America,15,0.407304244453362,0.31679636602506095,0.4977526238509078,50.0
Northern America,16,0.43376247581542093,0.33475967312906973,0.5319527472672511,50.0
Northern America,17,0.4597230658898659,0.35279198901772546,0.5634736100605355,50.0
Northern America,18,0.48623247143682796,0.3716182896930337,0.5954904968308652,50.0
Northern America,19,0.5129481648057675,0.39074166073599875,0.6301396809550975,50.0
Northern America,20,0.538859298345858,0.40986242036297504,0.6621073634468946,50.0
Northern America,21,0.5630922695313125,0.4292680229711183,0.6945736518036056,50.0
Northern America,22,0.5892758543059311,0.44706650585585916,0.7284875143284533,50.0
Northern America,23,0.6138701175882841,0.46628761202046337,0.7624741234018981,50.0
Northern America,24,0.6388584113735476,0.4839200387966362,0.7962767893464238,50.0
Northern America,25,0.6645206846281085,0.5016350107386305,0.8283425106656894,50.0
Northern America,26,0.6890039593417714,0.5213312951879924,0.8602033681381079,50.0
Northern Europe,1,0.0,0.0,0.0,50.0
Northern Europe,2,0.00656467302573051,0.0052764169856899315,0.007994363691379631,50.0
Northern Europe,3,0.04348158494492699,0.03604855965166276,0.05190352289188195,50.0
Northern Europe,4,0.08302283470401152,0.06854068386871828,0.0988109581203649,50.0
Northern Europe,5,0.10465989129969944,0.08696423289777463,0.12538980720716356,50.0
Northern Europe,6,0.12949277280279847,0.106516113675516,0.15432734208069093,50.0
Northern Europe,7,0.1553463812232623,0.12720777555538404,0.18624731812838397,50.0
Northern Europe,8,0.18437787725742877,0.14981784571785933,0.22081254245845144,50.0
Northern Europe,9,0.21612692707381148,0.173873483382309,0.2593035086556358,50.0
Northern Europe,10,0.2502297357182704,0.19917248800493864,0.3009372855981608,50.0
Northern Europe,11,0.2837847119867626,0.22434814137565884,0.3426183039259987,50.0
Northern Europe,12,0.3169004553200998,0.2495891071950349,0.38493910293439537,50.0
Northern Europe,13,0.35052054060889914,0.2738397262454232,0.42588693679607215,50.0
Northern Europe,14,0.3844953961160963,0.3005421531830526,0.46785381763456246,50.0
Northern Europe,15,0.4105459630026376,0.31941946250147246,0.5014645257976489,50.0
Northern Europe,16,0.437639200591559,0.3375095991362721,0.5354496068745425,50.0
Northern Europe,17,0.4636144964936836,0.3551541224541268,0.5687471027350657,50.0
Northern Europe,18,0.4908964017156944,0.3753088517516729,0.6015297160478207,50.0
Northern Europe,19,0.5175456332631758,0.3946428997939734,0.6358701012521998,50.0
Northern Europe,20,0.5438113879133554,0.4139017072347715,0.668915403043913,50.0
Northern Europe,21,0.5687032236769056,0.43348106703308814,0.7020826818723177,50.0
Northern Europe,22,0.5947312154642503,0.45130151792295903,0.7360599870728957,50.0
Northern Europe,23,0.619690317674817,0.4712142443104731,0.7711325763498662,50.0
Northern Europe,24,0.6451964067083913,0.48790737624390734,0.8040719292669516,50.0
Northern Europe,25,0.6709095528839838,0.506973284633664,0.8365990108488741,50.0
Northern Europe,26,0.6958736205702916,0.5269561404404906,0.8697333264635224,50.0
Polynesia,1,0.0,0.0,0.0,50.0
Polynesia,2,0.0,0.0,0.0,50.0
Polynesia,3,0.0,0.0,0.0,50.0
Polynesia,4,0.0,0.0,0.0,50.0
Polynesia,5,0.0,0.0,0.0,50.0
Polynesia,6,0.0,0.0,0.0,50.0
Polynesia,7,0.0,0.0,0.0,50.0
Polynesia,8,0.0,0.0,0.0,50.0
Polynesia,9,0.0,0.0,0.0,50.0
Polynesia,10,0.0,0.0,0.0,50.0
Polynesia,11,0.0,0.0,0.0,50.0
Polynesia,12,0.0,0.0,0.0,50.0
Polynesia,13,0.0,0.0,0.0,50.0
Polynesia,14,0.0,0.0,0.0,50.0
Polynesia,15,0.0,0.0,0.0,50.0
Polynesia,16,0.0,0.0,0.0,50.0
Polynesia,17,0.0,0.0,0.0,50.0
Polynesia,18,0.0,0.0,0.0,50.0
Polynesia,19,0.0,0.0,0.0,50.0
Polynesia,20,0.0,0.0,0.0,50.0
Polynesia,21,0.0,0.0,0.0,50.0
Polynesia,22,0.0,0.0,0.0,50.0
Polynesia,23,0.0,0.0,0.0,50.0
Polynesia,24,0.0,0.0,0.0,50.0
Polynesia,25,0.0,0.0,0.0,50.0
Polynesia,26,0.0,0.0,0.0,50.0
South America,1,0.0,0.0,0.0,50.0
South America,2,0.0016762844624433337,0.001347329223529741,0.0020413549297056697,50.0
South America,3,0.010772399327304694,0.008944706031274932,0.01285468267081366,50.0
South America,4,0.02048153315800831,0.017046591801569966,0.024507120111090686,50.0
South America,5,0.02586774832282836,0.0213621500556582,0.030971415248807872,50.0
South America,6,0.031886513104315235,0.026253379192175012,0.03787181936548567,50.0
South America,7,0.03813924824462388,0.0311845941154307,0.04569039122842895,50.0
South America,8,0.045216064314680546,0.03671150927173201,0.05420497855998137,50.0
South America,9,0.05290396053138025,0.04241036050499619,0.06367477593965816,50.0
South America,10,0.061282704043940955,0.048777320640837354,0.07410469516229394,50.0
South America,11,0.06949187167020845,0.05463320364481493,0.08452754052296085,50.0
South America,12,0.07780139629447133,0.06086060919535519,0.09463638546534198,50.0
South America,13,0.08609435947891757,0.067056176615095,0.1049158863099123,50.0
South America,14,0.09455987637121188,0.07327346497984036,0.11541962861743181,50.0
South America,15,0.10136110346006191,0.07792981583714712,0.12369947994840047,50.0
South America,16,0.10796589238741497,0.08276402720405189,0.13220691406097984,50.0
South America,17,0.11484607280340627,0.08784316202938384,0.14086132054518002,50.0
South America,18,0.12169841136358824,0.0930621277007965,0.14939039145070448,50.0
South America,19,0.128227407386922,0.09813694228050676,0.15825706572803372,50.0
South America,20,0.13458035700136856,0.10296769273487971,0.16664917214003103,50.0
South America,21,0.14131636476402074,0.10745667437095245,0.17525774350603873,50.0
South America,22,0.14770546786853245,0.11215423493708364,0.18357842025131726,50.0
South America,23,0.15395064408850878,0.11693324760033848,0.19197021321126131,50.0
South America,24,0.16039419785082398,0.12197057186705865,0.20042667078888077,50.0
South America,25,0.16715874185318558,0.12700131181716978,0.2089170055939116,50.0
South America,26,0.17386703858581887,0.13148423562966766,0.21767807113488777,50.0
South-eastern Asia,1,0.0,0.0,0.0,50.0
South-eastern Asia,2,0.001069732368173038,0.000859807337767967,0.0013027045779883978,50.0
South-eastern Asia,3,0.006681530347674099,0.005517136520909563,0.00797220393016785,50.0
South-eastern Asia,4,0.01269155978285931,0.010525186316426162,0.015205020565282047,50.0
South-eastern Asia,5,0.015908213642262952,0.013103682464511174,0.019012032092408898,50.0
South-eastern Asia,6,0.01954484000076684,0.016038781609963287,0.023289055314700307,50.0
South-eastern Asia,7,0.02341445426155482,0.01908935268744797,0.028020926320341248,50.0
South-eastern Asia,8,0.02769313193676989,0.022337000393551198,0.033157814397364725,50.0
South-eastern Asia,9,0.032432050070841156,0.025897653815761878,0.03899590194221464,50.0
South-eastern Asia,10,0.03755281990887997,0.02962446326258097,0.045264766012592134,50.0
South-eastern Asia,11,0.042679681218765746,0.03332103364659737,0.051489291790695765,50.0
South-eastern Asia,12,0.0477071624983013,0.03711844099667563,0.05787678926826717,50.0
South-eastern Asia,13,0.05289557410758288,0.040904407884578636,0.06449341937839252,50.0
South-eastern Asia,14,0.05794562698572811,0.04466542217252341,0.07078809910650517,50.0
South-eastern Asia,15,0.06219296400169186,0.04772685000989698,0.07624769864562667,50.0
South-eastern Asia,16,0.06652188669467543,0.05102210416706307,0.0816567839396704,50.0
South-eastern Asia,17,0.07079709490344108,0.054448987587342665,0.08733837183799288,50.0
South-eastern Asia,18,0.07490398314521172,0.05751438084888196,0.09276241770285867,50.0
South-eastern Asia,19,0.07904192396900356,0.06056263683558353,0.09816240163948016,50.0
South-eastern Asia,20,0.08301843434298059,0.06375851992383037,0.1035415431889682,50.0
South-eastern Asia,21,0.08708781739539517,0.06658156764189344,0.10910953549094754,50.0
South-eastern Asia,22,0.09132273406453259,0.06962522514905926,0.1143377882935423,50.0
South-eastern Asia,23,0.09572436192973291,0.07255232982364596,0.1198044801965561,50.0
South-eastern Asia,24,0.10015132469282409,0.07550392019536775,0.12541554185921028,50.0
South-eastern Asia,25,0.10434248189952072,0.0785560638347534,0.13094390442271053,50.0
South-eastern Asia,26,0.10865040295654413,0.08175720751426732,0.13625713874466883,50.0
Southern Africa,1,0.0,0.0,0.0,50.0
Southern Africa,2,0.0017043008162122265,0.001369847628380047,0.002075472839380228,50.0
Southern Africa,3,0.011169740447230757,0.009250461718616796,0.013320138175867937,50.0
Southern Africa,4,0.021280307889936692,0.017592404486899454,0.02535481821375119,50.0
Southern Africa,5,0.026796528680172488,0.02222655293844303,0.03210209335070606,50.0
Southern Africa,6,0.03309875127774415,0.027257388889395166,0.03935486695665305,50.0
Southern Africa,7,0.03969762011445147,0.032488381509574796,0.047435907750906246,50.0
Southern Africa,8,0.04720402315451498,0.03819362205448207,0.05645047709241682,50.0
Southern Africa,9,0.0552541598897993,0.04430058985939089,0.06620221629718728,50.0
Southern Africa,10,0.06392799242366931,0.05075286685279816,0.07691229229498375,50.0
Southern Africa,11,0.07265594626216915,0.05710370340052522,0.08774822684914997,50.0
Southern Africa,12,0.08100572100332386,0.06340185693292255,0.09836084920337013,50.0
Southern Africa,13,0.08954321827260131,0.0699144705581969,0.10899377540022935,50.0
Southern Africa,14,0.09810170819254171,0.07663750542073756,0.11994562076740765,50.0
Southern Africa,15,0.10513370218359677,0.08137474817645121,0.12876208357626345,50.0
Southern Africa,16,0.11199621514471023,0.0859290497622246,0.1370756181123417,50.0
Southern Africa,17,0.11887785644641333,0.09112645699063673,0.1455937968308522,50.0
Southern Africa,18,0.12585627937728816,0.09616627712750588,0.15452223180129235,50.0
Southern Africa,19,0.13273340871769224,0.10130549708224723,0.16327674110864854,50.0
Southern Africa,20,0.13932053292227983,0.10628090796629708,0.17191700812421368,50.0
Southern Africa,21,0.14593305325299094,0.111134278567457,0.18069644403087698,50.0
Southern Africa,22,0.1525883521904122,0.1160316976196593,0.18954584144345502,50.0
Southern Africa,23,0.15927615200945572,0.12058925523323198,0.19803977960245456,50.0
Southern Africa,24,0.16564019613066988,0.12546653098000554,0.2065656539392258,50.0
Southern Africa,25,0.17218168318925844,0.13060628407809935,0.21513705071301498,50.0
Southern Africa,26,0.17885606821943045,0.13584122751991196,0.22380960504645758,50.0
Southern Asia,1,0.0,0.0,0.0,50.0
Southern Asia,2,0.00039083094337600307,0.0003141340048589678,0.000475948259867076,50.0
Southern Asia,3,0.002401851548688487,0.00197735591515527,0.0028704442091312616,50.0
Southern Asia,4,0.004555034894284491,0.003767005729297273,0.005456733172872164,50.0
Southern Asia,5,0.005697714034121025,0.004693066025979609,0.006796835396419897,50.0
Southern Asia,6,0.006987382519836132,0.005709418814218332,0.00834212819561054,50.0
Southern Asia,7,0.008316868326976569,0.006804098997714887,0.009997511356175296,50.0
Southern Asia,8,0.009833868770289895,0.007921413133515305,0.011837508993508545,50.0
Southern Asia,9,0.011561959718852674,0.009191375731383523,0.013885524005858614,50.0
Southern Asia,10,0.013388003488020635,0.010508280474950745,0.01611609485569726,50.0
Southern Asia,11,0.01520173166586993,0.011865831296162307,0.018432635255520188,50.0
Southern Asia,12,0.01700654827001734,0.013217044528216409,0.020763533367949873,50.0
Southern Asia,13,0.018787249071686142,0.014583998757111619,0.023080325271004613,50.0
Southern Asia,14,0.02064866991977413,0.015917401206810924,0.02532844564390503,50.0
Southern Asia,15,0.022210223923944603,0.01706316613748292,0.02732422960867802,50.0
Southern Asia,16,0.023792106097341018,0.01826124915417617,0.02935222553058792,50.0
Southern Asia,17,0.025302706636103834,0.019422692333749075,0.031338560633050024,50.0
Southern Asia,18,0.026796745455324338,0.020511582603800666,0.033328215742746074,50.0
Southern Asia,19,0.02823990171630683,0.02167857694211379,0.035352405764117044,50.0
Southern Asia,20,0.029739161288134176,0.02279976204980278,0.037319209276697456,50.0
Southern Asia,21,0.031319822496927954,0.02390289014440975,0.03927450242465798,50.0
Southern Asia,22,0.032919692066428266,0.02499107007517226,0.04125912493092498,50.0
Southern Asia,23,0.034486355763092225,0.02609527376848071,0.043276419761658774,50.0
Southern Asia,24,0.036063182232600174,0.027200131872027973,0.045168915973558495,50.0
Southern Asia,25,0.03765826126140897,0.02826599565976002,0.04721510407464655,50.0
Southern Asia,26,0.039214887611578826,0.029453695792501896,0.04925337320803959,50.0
Southern Europe,1,0.0,0.0,0.0,50.0
Southern Europe,2,0.007042542836369086,0.005660509289437418,0.008576306622642438,50.0
Southern Europe,3,0.04622523287477637,0.03828949044237806,0.055143585133373994,50.0
Southern Europe,4,0.08807853020992656,0.07277646590161105,0.10496145226769274,50.0
Southern Europe,5,0.11093466942021205,0.09202977959373138,0.13285237754966658,50.0
Southern Europe,6,0.13702877087125914,0.11280726050714898,0.16293647236468045,50.0
Southern Europe,7,0.16430966535414815,0.1345410848869542,0.19637315684765316,50.0
Southern Europe,8,0.1955010286618048,0.15828487607230618,0.2335989786865482,50.0
Southern Europe,9,0.22880590589471286,0.18348555706519504,0.2741776033836875,50.0
Southern Europe,10,0.2646142356377781,0.21037103121616377,0.3183488611186198,50.0
Southern Europe,11,0.3009637456162899,0.2364612682584975,0.363237781940234,50.0
Southern Europe,12,0.335648811883682,0.2627552908969688,0.4072585840841248,50.0
Southern Europe,13,0.37072864022549346,0.28982530503538084,0.45129857395496037,50.0
Southern Europe,14,0.40634656853552,0.3176011614259169,0.49640161340222994,50.0
Southern Europe,15,0.43527226098440874,0.3371289033755001,0.5329883151443101,50.0
Southern Europe,16,0.4636559508094494,0.35593893297092105,0.5673460443792923,50.0
Southern Europe,17,0.4919193887187539,0.3769797838966315,0.6023971224210132,50.0
Southern Europe,18,0.5207453177070277,0.39804507472746825,0.6400608718765883,50.0
Southern Europe,19,0.5492250443996662,0.41911651075679596,0.6751953444483881,50.0
Southern Europe,20,0.576614553334452,0.4402456160945909,0.7114156084379419,50.0
Southern Europe,21,0.603965398123562,0.45991461691603447,0.7474718954163064,50.0
Southern Europe,22,0.6310994781520474,0.47999002567898313,0.7842829447635844,50.0
Southern Europe,23,0.6591948935468035,0.4990882523433666,0.8194053230213476,50.0
Southern Europe,24,0.6853168989472084,0.5190004203604128,0.8546175413204254,50.0
Southern Europe,25,0.7126105690115996,0.5402282622784853,0.8900814621348146,50.0
Southern Europe,26,0.7401482984957164,0.5618122176052089,0.9256082758465394,50.0
Western Africa,1,0.0,0.0,0.0,50.0
Western Africa,2,0.00010515536987429133,8.451960631801242e-05,0.0001280566857757677,50.0
Western Africa,3,0.0006312471692158604,0.0005197164389070941,0.0007572771826334339,50.0
Western Africa,4,0.0011966170580826455,0.0009902344583769397,0.0014416939849543442,50.0
Western Africa,5,0.0014910231266869606,0.00122566086288912,0.0017857655246261892,50.0
Western Africa,6,0.0018183542949453734,0.001496509748681306,0.002186213635174996,50.0
Western Africa,7,0.0021767668116073175,0.001767086419349707,0.0026262346544510115,50.0
Western Africa,8,0.00256759495096312,0.002073215493749383,0.0030941535053566217,50.0
Western Africa,9,0.0030147592079161466,0.002398274980014415,0.0036327421753375643,50.0
Western Africa,10,0.00348205301082238,0.0027290224537107185,0.004230757339158325,50.0
Western Africa,11,0.003958144352669944,0.003090402206905964,0.004840489450300395,50.0
Western Africa,12,0.004426085218019645,0.0034525994303031497,0.0054586237774970885,50.0
Western Africa,13,0.0049040994750509034,0.003811418052459129,0.006054238352808675,50.0
Western Africa,14,0.005390178497552588,0.004163440703206406,0.006647809334055798,50.0
Western Africa,15,0.005801413619455624,0.004478357120931549,0.007199170083573828,50.0
Western Africa,16,0.0062128196456528745,0.004778574978079854,0.00773952595385217,50.0
Western Africa,17,0.006620332041196446,0.005079148806245464,0.008266685799076766,50.0
Western Africa,18,0.007024467109545131,0.0053869403756765365,0.008798857745083672,50.0
Western Africa,19,0.007434866629106985,0.005689057977025149,0.009329651999272394,50.0
Western Africa,20,0.007859617783393877,0.005983385306510704,0.009861493995378667,50.0
Western Africa,21,0.008284563416529942,0.006277434202954561,0.010393379047477332,50.0
Western Africa,22,0.008707581923206819,0.0065901157190982485,0.010914491736488945,50.0
Western Africa,23,0.009135525237403963,0.006887661811764207,0.011453625613904282,50.0
Western Africa,24,0.009561773080162917,0.007179239974271351,0.011987022940352698,50.0
Western Africa,25,0.009962996639880192,0.00748009202747691,0.012541156151970805,50.0
Western Africa,26,0.010377005662180186,0.007781627463164093,0.013092053314676545,50.0
Western Asia,1,0.0,0.0,0.0,50.0
Western Asia,2,0.0040017629756599615,0.0032164542018644797,0.004873288967893921,50.0
Western Asia,3,0.02602546955745027,0.021559277438518133,0.0310269825866548,50.0
Western Asia,4,0.049589805099451705,0.04109906613596871,0.05906059617904853,50.0
Western Asia,5,0.06233985776546849,0.05171588170256566,0.07480347191285348,50.0
Western Asia,6,0.07708550368718331,0.06345488532963457,0.0915702027410143,50.0
Western Asia,7,0.0923767174408209,0.07551231169919075,0.1104058828200246,50.0
Western Asia,8,0.1097671636944984,0.0888745158883104,0.13115262781384374,50.0
Western Asia,9,0.12845302415659024,0.10291990741421281,0.15384554222010272,50.0
Western Asia,10,0.14875600470103598,0.11792013278330665,0.1793886072977115,50.0
Western Asia,11,0.1683433070571502,0.13258674807938595,0.2044921076421902,50.0
Western Asia,12,0.18859650362049635,0.14719332093644005,0.22856035745656597,50.0
Western Asia,13,0.2082172403632724,0.16267307674625991,0.25395385320331443,50.0
Western Asia,14,0.22823917859394105,0.17803417524189474,0.2788478026391473,50.0
Western Asia,15,0.24504089256385342,0.18888200940870917,0.299303125727996,50.0
Western Asia,16,0.2608951957529163,0.19983814358198837,0.3196095608112528,50.0
Western Asia,17,0.27710345387838475,0.21218465802839762,0.33983576605921617,50.0
Western Asia,18,0.29302498082579936,0.22412074791449185,0.3601084408823916,50.0
Western Asia,19,0.30950534597104373,0.23639548301958044,0.3812031007467822,50.0
Western Asia,20,0.32465347387741855,0.24762183360368903,0.401366251064782,50.0
Western Asia,21,0.34027817209681843,0.2592334516387944,0.42199174185210947,50.0
Western Asia,22,0.356057208340385,0.2704445760313386,0.44226325657386967,50.0
Western Asia,23,0.3710352421816998,0.28136875234261394,0.4622011527896125,50.0
Western Asia,24,0.3864110169038398,0.29317003681026604,0.48238616454527644,50.0
Western Asia,25,0.4017530241541172,0.30526653573436224,0.5026047474714574,50.0
Western Asia,26,0.41813073696371916,0.31762930587127575,0.5226461826455191,50.0
Western Europe,1,0.0,0.0,0.0,50.0
Western Europe,2,0.011521839549438279,0.009260785673066338,0.01403112925669003,50.0
Western Europe,3,0.07623747619633592,0.06316954485908517,0.09098927585383661,50.0
Western Europe,4,0.1454583131367569,0.120084324664256,0.1731963121314569,50.0
Western Europe,5,0.18324222720437972,0.1522855795678524,0.21981710625175593,50.0
Western Europe,6,0.22677505124653433,0.18655218518118596,0.27014382157837535,50.0
Western Europe,7,0.27202515942364824,0.2228037084308294,0.3262172366850316,50.0
Western Europe,8,0.3230658639908285,0.2624383468775509,0.3867510189628958,50.0
Western Europe,9,0.37857769409218167,0.30422274506873953,0.4539450244007312,50.0
Western Europe,10,0.43800414452956593,0.3487472657167518,0.5272504511007493,50.0
Western Europe,11,0.4971470475786962,0.39284353349457085,0.6006687599560384,50.0
Western Europe,12,0.5550997810597902,0.43680524366927176,0.6741079844675999,50.0
Western Europe,13,0.6140751043512496,0.4792388497861503,0.7462699641692955,50.0
Western Europe,14,0.673377992315912,0.5261304402990006,0.8196415845229066,50.0
Western Europe,15,0.7192431005583263,0.5598844873555676,0.8787505723352604,50.0
Western Europe,16,0.766715075863986,0.5912231118684799,0.9383037772917566,50.0
Western Europe,17,0.8120579265767047,0.6220418705698765,0.9965729145205583,50.0
Western Europe,18,0.8603240654978119,0.6578935245714169,1.0544751527327567,50.0
Western Europe,19,0.906791375553661,0.6918680249228837,1.1143241646263404,50.0
Western Europe,20,0.9528108294017836,0.7253014688444713,1.1730337372938926,50.0
Western Europe,21,0.9970932013747913,0.7596293474163013,1.2312650399428078,50.0
Western Europe,22,1.0418616168831973,0.7910520711434325,1.290669423370368,50.0
Western Europe,23,1.0863180793217646,0.8258888234467334,1.3521089673404338,50.0
Western Europe,24,1.1314161802895728,0.8546536583591617,1.409333686594986,50.0
Western Europe,25,1.1750120811791327,0.8888979136359008,1.4665211260313802,50.0
Western Europe,26,1.2194832510785547,0.9239843190248648,1.5239797745958081,50.0
Global,1,0.0,0.0,0.0,50.0
Global,2,0.002134028628036233,0.0017152453529345362,0.002598789142043995,50.0
Global,3,0.013727578218843343,0.011396101285335913,0.016381602730516427,50.0
Global,4,0.026091852584549338,0.021718959054100366,0.03121470896065013,50.0
Global,5,0.03295379645154137,0.027222726445339337,0.03946455918161835,50.0
Global,6,0.04063236620622461,0.033469723029760354,0.048268513823243674,50.0
Global,7,0.048602641487349094,0.03973273856040997,0.05822315188092611,50.0
Global,8,0.05762154288454572,0.04678236307356044,0.06905314331867243,50.0
Global,9,0.06740649951517107,0.054044226800333266,0.08114999561615006,50.0
Global,10,0.078077174891542,0.06217377423555365,0.0944423698676511,50.0
Global,11,0.08854436421577272,0.06964299569756559,0.10768647481752855,50.0
Global,12,0.0991484528538227,0.07754562776294995,0.12057230886913456,50.0
Global,13,0.10967546292013411,0.08549479714900679,0.13375364751025326,50.0
Global,14,0.12046704495534111,0.09340328431607159,0.14704992932594202,50.0
Global,15,0.12913974088034222,0.09930500133476616,0.15766997750414663,50.0
Global,16,0.13758747566511392,0.10545891690709944,0.16842223869385775,50.0
Global,17,0.14634556882594468,0.11192331560543278,0.17943030003775876,50.0
Global,18,0.1550623599070785,0.11855297620809041,0.19032434987530644,50.0
Global,19,0.16332975197056834,0.12502580345734493,0.20156099978877395,50.0
Global,20,0.17147227829300055,0.13115465534645032,0.21234715085302275,50.0
Global,21,0.17999285647184265,0.13691486034157901,0.22327090188865267,50.0
Global,22,0.18818451085200266,0.14287316101970754,0.2338957952567173,50.0
Global,23,0.19615306676295996,0.14894448252246728,0.24450568591131372,50.0
Global,24,0.20430106179917737,0.1553573524349007,0.255322508038156,50.0
Global,25,0.21291435300593164,0.1618372107301722,0.26609220084639323,50.0
Global,26,0.2214761874002019,0.1675707587391838,0.2772513769422017,50.0
