Region,occupational_group,Essential Workers,Vital Workers,Indoor Essential Workers,Indoor Vital Workers,% of Essential Workers,% of Vital Workers,% of Indoor Essential Workers,% of Indoor Vital Workers
Australia and New Zealand,Food,426490.0190527688,278732.655008007,160334.32972017402,12576.965675412248,0.11465334750381417,0.16057412548232392,0.05189966338631277,0.009332596805611904
Australia and New Zealand,Health,1200065.4611655923,602150.7493626437,1190057.7155936935,595086.4583707151,0.32261369832741554,0.34689093025234147,0.38521753237370254,0.44157725510142953
Australia and New Zealand,Retail,628136.7183507488,48318.209103903755,483182.09103903756,37167.853156849036,0.16886204654665832,0.027835468978360388,0.1564043578376932,0.027579990006746345
Australia and New Zealand,Security,128315.44200142562,102652.35360114051,128315.44200142562,102652.35360114051,0.0344950510086256,0.05913663724737209,0.04153526109325791,0.07617203163553563
Australia and New Zealand,Transport,415528.9223074787,339978.20916066435,339978.20916066435,278163.9893132709,0.11170667494872868,0.19585686369418057,0.11004976067767083,0.2064084792070647
Australia and New Zealand,Manual,562628.3950254442,292676.7936538585,474627.86404337024,256654.52181404512,0.15125143850642875,0.1686071558016367,0.15363538439089564,0.19044761926243362
Australia and New Zealand,Cleaning,136214.10659405927,10763.301995445105,104542.3371655118,6727.06374715319,0.036618449671897126,0.006200593199857051,0.03383998996333341,0.004991742464604577
Australia and New Zealand,Tech,220090.9186181137,59637.379089945796,205923.6958864873,57668.45982393813,0.05916706006579277,0.034356290234995195,0.06665678222765162,0.042792236047014764
Australia and New Zealand,ArmedForces,2351.795647354955,940.7182589419821,2351.795647354955,940.7182589419821,0.000632233420639049,0.0005419351089326933,0.0007612680494822304,0.0006980494695589573
Caribbean,Food,419108.3748965481,315176.955155842,122499.97256817779,18568.55282747172,0.16347663231110174,0.2851635506649127,0.06352052885352891,0.02590212448223122
Caribbean,Health,174328.10380116524,95520.81585956729,170977.60395045005,93155.7571414154,0.06799809556091357,0.08642464040384845,0.08865787964970606,0.12994723068259617
Caribbean,Retail,632279.7907280216,47277.963225324536,472779.63225324533,36367.664019480406,0.24662587783434073,0.042775817333702094,0.2451528081378882,0.05073091959901566
Caribbean,Security,157346.8825341071,125877.5060272857,157346.8825341071,125877.5060272857,0.06137443201337994,0.11389054935769592,0.08158987289942418,0.17559229633704906
Caribbean,Transport,356868.1241368645,291983.01065743464,291983.01065743464,238895.19053790107,0.13919931599428248,0.2641782994944381,0.1514034237263479,0.3332458388660328
Caribbean,Manual,382196.7209290734,184106.53082769117,323925.7323314351,162111.36003339372,0.14907894129591992,0.16657458983783985,0.1679668443640491,0.22613655822204984
Caribbean,Cleaning,256851.21173686613,6809.68341834943,208367.9402654306,4256.052136468394,0.10018690538010158,0.006161216645805615,0.10804607939331848,0.005936961984381028
Caribbean,Tech,163847.71999918832,30139.94426046859,159735.72831754573,29284.27343822658,0.06391013657012053,0.02726980314251719,0.08282857315651275,0.04084997377105355
Caribbean,ArmedForces,20893.45727456411,8357.382909825646,20893.45727456411,8357.382909825646,0.008149663039839584,0.007561533119240069,0.010833989819224536,0.011658096055590702
Central America,Food,11056328.22112479,9310964.564682452,2405763.2775544315,660399.6211120903,0.23113930288616572,0.4282501437348959,0.07496027230371818,0.05835484018706112
Central America,Health,2249848.131411749,1214402.8917020436,2217696.2904383373,1191707.4745443414,0.04703445106673491,0.05585546044242841,0.06910036385092432,0.10530275458010573
Central America,Retail,11609265.656608567,829159.5259516197,8291595.259516197,637815.0199627844,0.24269879812014333,0.03813650924146219,0.25835469527882104,0.05635919883805954
Central America,Security,1223969.938420043,979175.9507360345,1223969.938420043,979175.9507360345,0.025587840073297948,0.045036391099052726,0.03813721854163423,0.08652284812640218
Central America,Transport,4206027.464937629,3441295.198585334,3441295.198585334,2815605.1624789094,0.08792957632247717,0.15827953733369596,0.1072260215999569,0.24879509926071489
Central America,Manual,10926539.308759356,5040682.805409473,9006184.50307386,4189957.2924151863,0.22842598630162528,0.23184205255454607,0.28062031250814484,0.37023686927282407
Central America,Cleaning,3276428.2012295113,159508.07695806414,2597433.436892872,99692.5480987901,0.06849573522444866,0.007336442579029133,0.08093245064335597,0.008809124848299061
Central America,Tech,3217779.534486559,739549.9716169937,2842045.6915429886,715466.734233312,0.06726964897998748,0.03401499162024972,0.08855423180049407,0.06322073120671434
Central America,ArmedForces,67860.29780475369,27144.11912190148,67860.29780475369,27144.11912190148,0.0014186610251194834,0.0012484713946398628,0.0021144334729503137,0.002398533679819084
Central Asia,Food,948152.4731100118,904714.8063119922,105372.8106414242,61935.14384340451,0.3026026319672521,0.5042120504330649,0.0555513683320838,0.0751901893426808
Central Asia,Health,182218.19151155348,105422.87149174424,178027.53504044423,102464.76104154947,0.058154891652443294,0.058753854614227594,0.0938541271897785,0.12439374974483225
Central Asia,Retail,504645.02362069546,38354.57302156674,383545.7302156674,29503.51770889749,0.1610573369659717,0.02137561778780025,0.20220102322137895,0.035817710998072926
Central Asia,Security,128594.89951136455,102875.91960909165,128594.89951136455,102875.91960909165,0.04104103100850977,0.05733439754096316,0.06779379410019089,0.12489290238459243
Central Asia,Transport,432277.9410815005,353681.951793955,353681.951793955,289376.1423768723,0.13796140011488364,0.1971126158995356,0.18645717293596095,0.351306957348556
Central Asia,Manual,494252.3900968962,181041.80518958514,405551.16461993894,152141.47853726198,0.1577405304959559,0.10089749739020518,0.21380204235010886,0.18470202647814365
Central Asia,Cleaning,294100.5507146326,56410.15433734386,198075.3303144073,35256.34646083991,0.09386211947257159,0.03143828241257864,0.10442310084371195,0.042801730994994784
Central Asia,Tech,139822.02436351578,48107.33779179743,134742.3606406788,46455.079098669084,0.04462416518369398,0.02681098978335216,0.07103466691570115,0.05639715961893433
Central Asia,ArmedForces,9261.774663042957,3704.7098652171844,9261.77466304296,3704.7098652171844,0.002955893138718023,0.0020646941382725546,0.004882704111084977,0.004497573089192741
Eastern Africa,Food,112258660.00653757,111364694.5521237,4331664.589396452,3437699.134982571,0.7291025324124629,0.9012654560670523,0.11678620526629069,0.2467628775006587
Eastern Africa,Health,2514987.764361818,1307715.8240530104,2477511.858006833,1281262.2430965502,0.016334454267276772,0.010583238281317246,0.06679630946198677,0.0919708053337414
Eastern Africa,Retail,13822410.194845732,918316.754136674,9183167.54136674,706397.503182057,0.08977440383235433,0.0074318631372317775,0.24758779618027285,0.050706206011646465
Eastern Africa,Security,2492807.188855985,1994245.7510847882,2492807.188855985,1994245.7510847882,0.01619039488004797,0.0161392693940356,0.0672086875700558,0.14314976403065582
Eastern Africa,Transport,3536873.3439842444,2893805.4632598367,2893805.4632598367,2367659.015394412,0.02297144212990669,0.023419333309386507,0.0780200202158463,0.16995389318212212
Eastern Africa,Manual,7593298.934496513,3721699.648876624,6243757.719576495,3131348.4486661735,0.049317295273111655,0.03011941392089433,0.1683382347877142,0.22477259449117157
Eastern Africa,Cleaning,8871164.463804435,916224.1690883418,6629116.912263411,572640.1056802137,0.05761683308557743,0.007414928015867426,0.17872792144271374,0.04110491194880184
Eastern Africa,Tech,2634991.1834434,350874.3167942909,2595635.751470928,342698.9360884755,0.017113857805012216,0.0028395974363294436,0.06998105310597084,0.02459941148573937
Eastern Africa,ArmedForces,243083.00711552464,97233.20284620987,243083.00711552464,97233.20284620987,0.0015787863142500038,0.0007869004378854861,0.006553771969148788,0.006979536015462747
Eastern Asia,Food,2108197.2017036644,2103572.5409224657,4624.660781198621,0.0,0.08540381650104548,0.20453324428273814,0.00023638943861978943,0.0
Eastern Asia,Health,5606511.095470032,2672068.206351923,5606152.721427915,2671815.23643984,0.2271217533263296,0.2598088578158807,0.2865583785134776,0.3678675180030941
Eastern Asia,Retail,2990294.4696852523,230002.0672038105,2300020.672038105,176924.66707985426,0.12113788974139235,0.022363416560049906,0.11756550830439111,0.024359782542042258
Eastern Asia,Security,1054253.1564631753,843402.5251705403,1054253.1564631753,843402.5251705403,0.04270816935316517,0.08200518468155006,0.05388812793202955,0.11612344647957275
Eastern Asia,Transport,2113597.8331051716,1729307.3179951403,1729307.3179951403,1414887.8056323875,0.08562259799493578,0.1681429231607676,0.08839350720897945,0.19480810581961447
Eastern Asia,Manual,4859395.136733151,2247018.6744721904,3767820.2571654925,1769637.7596855173,0.19685582080663733,0.21848070865773617,0.19259205324477366,0.243651672294341
Eastern Asia,Cleaning,1480225.466838532,194315.5777414707,1071591.5742475512,121447.23608841919,0.05996445875551539,0.01889357022729958,0.05477438079262135,0.016721400753636477
Eastern Asia,Tech,4347058.97356025,214854.09572538367,3904453.1300852937,214661.61252654038,0.17610090109082105,0.02089055850998886,0.19957603967202242,0.029555574627197233
Eastern Asia,ArmedForces,125513.40176853839,50205.360707415355,125513.40176853839,50205.360707415355,0.005084592430157772,0.00488153610398894,0.006415614893085192,0.006912499480501711
Eastern Europe,Food,6119175.7291660635,5791536.046413766,690863.6112741973,363223.92852190055,0.11143840780994935,0.19065072220273102,0.016011507727560208,0.016161296972226485
Eastern Europe,Health,8266280.776415582,4887075.393073418,8042995.761244518,4729462.441187962,0.15054007418729337,0.16087691515372418,0.18640508297489242,0.21043285155267874
Eastern Europe,Retail,9007036.153718285,691716.5925194119,6917165.925194119,532089.6865533938,0.16403022440962103,0.02277051664128008,0.16031276485932106,0.023674815354930042
Eastern Europe,Security,3035147.267549873,2428117.814039898,3035147.267549873,2428117.814039898,0.05527410781036211,0.07993085273580812,0.07034280447775708,0.10803675087140117
Eastern Europe,Transport,10045911.038669381,8219381.7589113135,8219381.7589113135,6724948.711836529,0.18294953122751365,0.2705726176679384,0.1904930183048,0.2992200808389996
Eastern Europe,Manual,10322801.542363677,5732011.980522012,9182855.571740238,5291051.634617009,0.18799207915146293,0.1886912582436432,0.21282256084787876,0.23542021890023698
Eastern Europe,Cleaning,2943279.848707337,389105.04065854725,2128479.0067073246,243190.650411592,0.05360107873936709,0.012808891530634732,0.049329791738470796,0.010820532496756132
Eastern Europe,Tech,4871928.685268187,2119076.2350758202,4631782.066036784,2043131.061087124,0.08872436414306033,0.0697575585098907,0.10734653429776404,0.09090713810012191
Eastern Europe,ArmedForces,299271.3131937718,119708.52527750874,299271.3131937718,119708.52527750874,0.005450132521370109,0.003940667314349718,0.006935934771555588,0.005326314912648852
Melanesia,Food,1538160.1393823943,1537924.9567486497,31932.73039490198,31697.547761157464,0.5430260119553306,0.8388215472496039,0.03395751365618074,0.10774438220794069
Melanesia,Health,65255.4217745103,37201.82322214128,63869.656811680674,36223.63618955567,0.023037517705343395,0.02029077607380481,0.06791948939463312,0.1231291875313941
Melanesia,Retail,852922.4556692761,51139.8378405047,511398.37840504706,39338.33680038823,0.30111239249458316,0.02789290707275835,0.5438250097527051,0.13371648897204647
Melanesia,Security,77331.31648393143,61865.05318714515,77331.31648393143,61865.05318714515,0.02730074412563174,0.033742699477892255,0.0822347229027672,0.21028793729205966
Melanesia,Transport,87107.8894223928,71270.0913455941,71270.0913455941,58311.89291912244,0.03075222702226612,0.03887243524646336,0.07578916898793081,0.19821025037291456
Melanesia,Manual,133850.33260137183,62407.28100388574,115932.12010911903,56168.506814062916,0.047253995504396476,0.03403844367152423,0.1232831174506736,0.19092458229969797
Melanesia,Cleaning,37086.04873553935,2167.208196735118,29099.033782336857,1354.5051229594485,0.013092712929179856,0.0011820478787473655,0.030944138657279442,0.004604151676666718
Melanesia,Tech,36002.22548906296,7516.588015540077,34683.79655750731,7290.269948516457,0.01271008422874112,0.004099729288848276,0.03688301879246065,0.024780643526454885
Melanesia,ArmedForces,4855.917499788375,1942.3669999153497,4855.917499788375,1942.3669999153497,0.0017143140345276084,0.001059414040357399,0.005163820405369283,0.006602376120824828
Micronesia,Food,11971.80376401471,11070.1149792684,2035.5235520022065,1133.8347672558943,0.36976987605168743,0.5907379891404176,0.10280465010285274,0.14003828669238108
Micronesia,Health,1663.1477462588969,885.7163696241547,1637.529798562223,867.6331124265026,0.05136919616393404,0.04726475814572822,0.08270387134975375,0.10716010661398587
Micronesia,Retail,4941.862358220371,377.94275353657065,3779.427535365707,290.7251950281313,0.15263797065872126,0.020168276720928992,0.1908809775156743,0.03590704693998808
Micronesia,Security,3103.956029017785,2483.1648232142284,3103.956029017785,2483.1648232142284,0.09587105324677488,0.13250989688155326,0.1567661121798053,0.3066920837674659
Micronesia,Transport,1660.5074398349561,1358.5969962286006,1358.5969962286006,1111.5793605506733,0.051287645731069975,0.07249923411882535,0.0686162971146583,0.13728955370707663
Micronesia,Manual,6130.20837675391,1988.4810725109967,5359.770098999506,1702.691928676726,0.18934209383358247,0.10611193401503032,0.2706965925878805,0.21029700917878175
Micronesia,Cleaning,1350.3404589867978,149.94058249057048,1000.333230413523,93.71286405660653,0.04170760179414125,0.008001325944391978,0.05052209179194362,0.011574339844318245
Micronesia,Tech,1444.1482688325655,381.353841845562,1414.391242883945,369.10802835412125,0.044605018332458904,0.02035030368742461,0.07143420015464669,0.0455879969355784
Micronesia,ArmedForces,110.3886405644785,44.155456225791404,110.3886405644785,44.155456225791404,0.0034095441876298475,0.002356281345699772,0.005575207202784793,0.005453576320424051
Middle Africa,Food,32575671.71735134,32534121.070306838,77509.57357705857,35958.92653255376,0.7556524073995876,0.917687730495893,0.00900490053691974,0.013680060065919215
Middle Africa,Health,740293.3564232215,418800.63525431213,727493.7205945576,409765.5981987846,0.017172461148826076,0.011813080908693603,0.08451870256613887,0.15588946992708202
Middle Africa,Retail,5670508.773912279,414635.1070069556,4146351.070069555,318950.0823130427,0.13153784343623956,0.011695584137984097,0.4817144160908955,0.12134000385473767
Middle Africa,Security,569562.271648447,455649.8173187577,569562.271648447,455649.8173187577,0.013212040736089574,0.012852483269872315,0.06617055634653077,0.17334546581368818
Middle Africa,Transport,1023543.3095196539,837444.5259706259,837444.5259706259,685181.8848850577,0.023742962927278503,0.023621740534911725,0.09729255772586802,0.26066766294654603
Middle Africa,Manual,1143792.777048478,479740.3963190386,1007344.6627609591,434534.2808723814,0.026532369709588215,0.01353200458601068,0.11703120112693094,0.1653123615259663
Middle Africa,Cleaning,554492.5776588127,42840.72358012368,426376.5450655742,26775.452237577298,0.012862471565548825,0.0012084053634055898,0.04953553738460236,0.01018633842060343
Middle Africa,Tech,704452.869437379,218239.92410799715,688389.7111852934,210942.53770697955,0.01634107536779858,0.006155878630483469,0.07997568034224392,0.08025007597700302
Middle Africa,ArmedForces,127015.94848176358,50806.379392705436,127015.94848176358,50806.379392705436,0.002946367709042918,0.0014330920727456873,0.014756447879869858,0.019328561468454103
Northern Africa,Food,10315960.648922566,10152436.265817955,340833.48619222146,177309.10308760926,0.3768822606552247,0.6240759057779484,0.024585833513719128,0.032402701148974505
Northern Africa,Health,1019332.8065009305,612593.6629775547,991438.0229224729,592903.2275104083,0.037240201426536966,0.0376564732923982,0.07151682906237591,0.1083512676830226
Northern Africa,Retail,6124175.263905917,421349.73727407586,4213497.372740758,324115.18251851987,0.22373999830551256,0.025900602776887657,0.30393828398150335,0.059231067182172456
Northern Africa,Security,766480.2410820276,613184.1928656221,766480.2410820276,613184.1928656221,0.028002511432294673,0.03769277349317123,0.05528962488201695,0.11205755262820669
Northern Africa,Transport,3025148.0426673274,2475121.125818723,2475121.125818723,2025099.1029425922,0.11052045194223079,0.15214707268896166,0.17854148254478924,0.3700807228001299
Northern Africa,Manual,3724868.0973413335,1456038.7171400914,3145123.8093780233,1266458.287526582,0.1360839534915392,0.0895035100398884,0.2268717526006014,0.23144141329331214
Northern Africa,Cleaning,915837.4832566271,144670.60406232442,642639.0659952523,90419.12753895279,0.03345911377808513,0.008892982522197,0.04635641075789289,0.01652382148900758
Northern Africa,Tech,1243264.3514771226,297847.790947661,1051097.6757040261,287849.8400928712,0.045421293791547,0.018308869423338037,0.07582034485585147,0.052603685777491284
Northern Africa,ArmedForces,236772.29916792642,94708.91966717056,236772.29916792642,94708.91966717056,0.008650215177028938,0.005821809985209342,0.017079437801249677,0.01730776799768279
Northern America,Food,4003943.4906812543,1845354.6554434993,2368322.724592364,209733.88935460887,0.07779300029301513,0.07683281328494973,0.054397815663920865,0.010416098970375761
Northern America,Health,15594584.999858964,9274058.685224544,15140588.391761774,8953590.491273586,0.3029886806062454,0.3861328321109495,0.347762966518897,0.44466578569779236
Northern America,Retail,8383217.41822228,636430.4304533004,6364304.304533003,489561.86957946187,0.16287833147245886,0.026498288709780094,0.146181197685663,0.024313309124021205
Northern America,Security,2008427.1769240855,1606741.7415392685,2008427.1769240855,1606741.7415392685,0.039021923342971825,0.06689797425154156,0.046131403549966025,0.07979626492984387
Northern America,Transport,5779888.816417117,4728999.940704914,4728999.940704914,3869181.7696676576,0.11229801155675855,0.19689568528028878,0.1086200222536969,0.19215673905275016
Northern America,Manual,8044107.241769468,4203994.300429639,6410460.308142992,3451763.3236330203,0.15628972748302808,0.17503665660315834,0.1472413512492326,0.1714263179494346
Northern America,Cleaning,2475321.5202964568,344148.52924001316,1775977.4925470364,215092.8307750082,0.048093258109635606,0.014328898573175972,0.040792285299493754,0.01068224224547113
Northern America,Tech,4637622.1360718515,1161230.4924835486,4197924.818277593,1123049.9465537143,0.09010480318465901,0.04834875797267061,0.09642180014759939,0.05577448369443324
Northern America,ArmedForces,542087.1997585265,216834.87990341065,542087.1997585265,216834.87990341065,0.010532263951227657,0.009028093213485456,0.012451157631530523,0.010768758335877567
Northern Europe,Food,2182251.8670375105,1148086.6832970334,1103319.7447367385,69154.5609962612,0.12548413982634588,0.1457058186466227,0.07554090646467272,0.01100213724590728
Northern Europe,Health,5923159.023821034,2873572.5404935083,5879738.679759572,2842922.8858618885,0.34059428537359804,0.3646904415358824,0.4025676072265132,0.4522945026210828
Northern Europe,Retail,2430449.7871622317,183913.61196563477,1839136.1196563474,141472.00920433443,0.13975604995000138,0.023340818930809873,0.12591998851965727,0.02250747368354339
Northern Europe,Security,735545.1655929079,588436.1324743265,735545.1655929079,588436.1324743265,0.0422954168590782,0.0746795252055388,0.0503605131872756,0.0936171815230442
Northern Europe,Transport,1703725.85678584,1393957.5191884146,1393957.5191884146,1140510.6975177939,0.0979678729425967,0.17690974422652989,0.09543998018259424,0.1814494234905867
Northern Europe,Manual,2149439.5091042514,1107020.5597638418,1799131.307553182,960665.656409143,0.12359735921539891,0.1404940404463359,0.12318098218569275,0.15283699653323551
Northern Europe,Cleaning,804117.9076676928,66281.94365516123,614863.3033437763,41426.214784475764,0.046238495879773266,0.008411964882329316,0.042097797585898024,0.006590699067005527
Northern Europe,Tech,1364291.5260280895,479143.8393844913,1142223.0847292163,461897.57886043715,0.07844967448620581,0.06080903679373213,0.07820449839398814,0.07348554430776529
Northern Europe,ArmedForces,97678.2086479322,39071.28345917289,97678.2086479322,39071.28345917289,0.005616705467001636,0.004958609332219003,0.006687726253707944,0.006216041527829344
Polynesia,Food,22497.340171089803,21568.86978814683,1353.4518500424363,424.98146709946116,0.4533627585684772,0.6564283874360565,0.05481288376294924,0.040410632034618206
Polynesia,Health,2496.639721202498,1385.8521494647314,2451.691518131037,1354.1240061201709,0.05031187965102313,0.042177114546718575,0.09929003547611359,0.12876092530349942
Polynesia,Retail,6535.4392780575545,502.7260983121196,5027.260983121196,386.7123833170151,0.13170111475508803,0.015299998807466424,0.20359695241850836,0.03677170190999592
Polynesia,Security,4012.8679982391213,3210.294398591297,4012.8679982391213,3210.294398591297,0.08086666653112719,0.09770230874222126,0.16251547266837987,0.30526043064816116
Polynesia,Transport,3491.183412255009,2856.4227918450074,2856.4227918450074,2337.073193327734,0.07035376317429654,0.08693255722267113,0.11568107905894862,0.22222758441236726
Polynesia,Manual,7127.626066588423,2440.9992141766534,5963.43805642748,1972.5676187896586,0.14363476708884995,0.07428952901255996,0.24151079848482127,0.1875674832372308
Polynesia,Cleaning,1317.4770873574041,100.46192768512748,1014.1792997268972,62.78870480320466,0.026549585067957012,0.00305746484803328,0.04107282580387082,0.005970451518862916
Polynesia,Tech,1891.1706385023122,690.8829866971981,1759.3883731528604,666.6257059762681,0.038110564674525414,0.021026377799075846,0.07125273823999605,0.06338809617483838
Polynesia,ArmedForces,253.52032124661568,101.40812849864628,253.52032124661568,101.40812849864628,0.005108900488655611,0.0030862615851970495,0.010267214086412157,0.009642694760425874
South America,Food,19333115.803773418,17324945.19041493,3159470.9871763424,1151300.3738178534,0.21765317444843352,0.40857300280678516,0.05200156194406797,0.049856663285287886
South America,Health,9007340.145300275,4927234.863210188,8834178.060422082,4805002.803296169,0.10140508109814227,0.11619864429411517,0.14540125846970617,0.20807897947117526
South America,Retail,21720216.871424995,1570943.8622851002,15709438.622851,1208418.3556039233,0.2445272763974946,0.037047462142034054,0.258560799883403,0.05233013767147256
South America,Security,3068161.815558969,2454529.452447175,3068161.815558969,2454529.452447175,0.034541517552361595,0.0578850009533576,0.0504987092313213,0.10629254642615246
South America,Transport,11008168.518135421,9006683.333019892,9006683.333019892,7369104.545198094,0.12393050593364993,0.21240399979664398,0.14824051341304417,0.31911651587994005
South America,Manual,12085862.2941337,5543625.801261618,10033760.524197293,4667693.20640559,0.13606323579520502,0.13073494981743047,0.1651451213031403,0.2021328350125309
South America,Cleaning,7156720.210241079,280307.3884115848,5730344.018191246,175192.1177572405,0.08057071028841634,0.0066104700553748855,0.0943154219906624,0.007586633882776039
South America,Tech,4978060.033096096,1108203.615498827,4747507.30562022,1073890.7266105083,0.05604324619970283,0.026134690409075265,0.07813896574304763,0.046504465367509636
South America,ArmedForces,467687.79022294906,187075.11608917968,467687.79022294906,187075.11608917968,0.005265252286593655,0.004411779725183274,0.007697648021607084,0.0081012230031552
South-eastern Asia,Food,85052115.34330353,83740262.87228419,5104737.2943000365,3792884.823280709,0.4381506426790248,0.7149435037427788,0.05558329021976673,0.1193006608344578
South-eastern Asia,Health,4706441.976459628,2639185.493289633,4610306.833507391,2571325.3923821715,0.024245494287752422,0.022532393127035526,0.05019964945407695,0.08087796830758427
South-eastern Asia,Retail,49836801.470802456,3692393.754814223,36923937.54814222,2840302.8883186327,0.2567370194775326,0.03152429712683117,0.40204888488318385,0.08933833410035874
South-eastern Asia,Security,3676267.534029725,2941014.0272237808,3676267.534029725,2941014.0272237808,0.018938494077349,0.02510929391739412,0.04002929700175676,0.09250608265708464
South-eastern Asia,Transport,13077095.918618023,10699442.11523293,10699442.11523293,8754089.003372397,0.06736737773058649,0.09134789373212561,0.11650162623346784,0.2753494112701914
South-eastern Asia,Manual,24026124.59976361,11171278.072390316,19497115.175448593,9052158.514596239,0.1237719002282474,0.09537625524940929,0.2122957066674626,0.2847248316481954
South-eastern Asia,Cleaning,7662211.676449783,995721.0992754335,5555408.814311959,622325.6870471459,0.03947230420816954,0.008501099794161316,0.060490458688274754,0.019574511006312134
South-eastern Asia,Tech,5570138.509177983,1045625.6323835393,5263255.788842851,1014974.56668108,0.028694874404433877,0.008927166306603153,0.05730932997057078,0.031924812425620744
South-eastern Asia,ArmedForces,508951.75360758044,203580.7014430322,508951.75360758044,203580.7014430322,0.0026218929069038786,0.0017380970036609091,0.005541756881439749,0.006403387750194995
Southern Africa,Food,2650391.3332248535,2644317.7562454515,325909.38683168293,319835.80985228077,0.2152125091852851,0.4229712688120997,0.037810851367748206,0.09192436003372226
Southern Africa,Health,670248.2375067193,424212.54376819887,646579.8100210971,407505.4184842301,0.05442434223301109,0.06785482473120313,0.07501389675137124,0.11712157816767965
Southern Africa,Retail,1088038.6238180734,81885.0445854621,818850.445854621,62988.49583497085,0.08834903713538761,0.013097904411542802,0.09500012503970487,0.01810359250201134
Southern Africa,Security,586137.0601140294,468909.6480912236,586137.0601140294,468909.6480912236,0.047594491368993914,0.07500434028510532,0.0680015432404415,0.13476983497980335
Southern Africa,Transport,1468176.9390129468,1201235.6773742295,1201235.6773742295,982829.1905789147,0.11921637345096968,0.19214339025683191,0.13936310364172025,0.2824760129522555
Southern Africa,Manual,2059835.1728224996,1127887.9388513854,1656984.5355978,945505.1945858023,0.1672591856508409,0.1804110687707957,0.19223747006250713,0.27174868242865746
Southern Africa,Cleaning,2340647.9145958386,10648.09246160358,1941666.5184451956,6655.0577885022385,0.19006125793754222,0.0017032133026659464,0.22526526421462173,0.0019127374401198395
Southern Africa,Tech,1383353.658943192,265310.1251439326,1373703.5431193663,257747.9754963567,0.11232869965265313,0.042437623086629433,0.15937221384501118,0.07407962763279416
Southern Africa,ArmedForces,68400.05505257974,27360.022021031902,68400.05505257974,27360.022021031902,0.005554103385316369,0.004376366343125923,0.00793553183687395,0.007863573862956457
Southern Asia,Food,292015543.8081432,290882071.4840884,9261512.892670646,8128040.568615833,0.5729716745962676,0.7790059588858894,0.050888295176060264,0.10751464644307736
Southern Asia,Health,10110874.925793594,6024488.360982148,9831404.747167831,5827215.293716904,0.019838823859566812,0.016134072163675777,0.05401962212514174,0.07708019992798314
Southern Asia,Retail,75251486.08590274,5604826.900937378,56048269.009373784,4311405.308413368,0.147652996262506,0.015010184478121013,0.3079627368130548,0.057029638754104876
Southern Asia,Security,8066464.641185466,6453171.7129483735,8066464.641185466,6453171.7129483735,0.01582743059927049,0.017282121213082847,0.044321984803665344,0.08536011469148769
Southern Asia,Transport,36469036.37064587,29838302.485073898,29838302.485073898,24413156.57869683,0.07155689237532449,0.07990941249943517,0.16394949313461052,0.32292800164567387
Southern Asia,Manual,67078809.779017255,31318727.753725685,51183288.23100199,23526463.302015036,0.13161716485290817,0.08387411235213156,0.2812316205532518,0.3111991583480657
Southern Asia,Cleaning,10181525.525316626,749199.4574081615,7860271.723257052,468249.660880101,0.019977449330636044,0.002006417372983258,0.04318903749879703,0.006193829412097561
Southern Asia,Tech,8932406.18145412,1912900.9096884301,8362627.011305831,1853766.2018012635,0.017526518147692856,0.0051229049621473125,0.04594927812878221,0.02452091818344975
Southern Asia,ArmedForces,1544777.4231153987,617910.9692461595,1544777.4231153987,617910.9692461595,0.0030310499758275356,0.0016548160725335201,0.008487931766636227,0.00817349259405992
Southern Europe,Food,3880404.7758719055,3429492.7153674746,594532.2718871948,143620.21138276393,0.14853020542165662,0.2764244761218448,0.029896009936034335,0.01730328494982114
Southern Europe,Health,4672434.336516223,2475398.3596527968,4596682.198238515,2421926.262045003,0.1788467110795211,0.1995224225710533,0.23114381366568612,0.2917923587226333
Southern Europe,Retail,5449056.440946167,412428.2394929965,4124282.394929965,317252.4919176896,0.208573465727188,0.03324260160368659,0.20738922559485937,0.038222407666999275
Southern Europe,Security,1156364.7167707074,925091.7734165661,1156364.7167707074,925091.7734165661,0.04426215790483263,0.07456438314781552,0.058147711565800356,0.1114545536874433
Southern Europe,Transport,2565207.341454068,2098806.006644238,2098806.006644238,1717204.9145271035,0.09818840955572822,0.1691682703591483,0.10553829992991523,0.20688791408408738
Southern Europe,Manual,4286547.772694416,2195178.0936203212,3719366.8581365114,1971610.713990869,0.16407613586780712,0.176936067484292,0.1870280787174892,0.23753858642766593
Southern Europe,Cleaning,1919856.774846184,115816.14300230733,1503367.1932032306,72385.08937644209,0.0734863339312301,0.009335029788052802,0.07559670462100589,0.008720916196542815
Southern Europe,Tech,2004025.7701264508,677822.08022917,1901814.6751405764,654494.8282883159,0.07670806951841594,0.054633914978615375,0.09563260585337315,0.07885318092085825
Southern Europe,ArmedForces,191459.97259577084,76583.98903830835,191459.97259577084,76583.98903830835,0.007328510993620459,0.006172833945491303,0.009627550115836377,0.009226797343948639
Western Africa,Food,70808516.72544548,67826681.15186441,3409864.298258727,428028.72467763,0.5525141577700162,0.801115342511352,0.06724542429585709,0.028487862828770544
Western Africa,Health,2100685.6421933277,1234703.4944030303,2050485.1006491878,1199267.818018931,0.016391510682766813,0.01458334531515637,0.04043731026947326,0.07981842134640223
Western Africa,Retail,24171219.2592016,1791202.805375273,17912028.053752728,1377848.3118271332,0.18860642008721795,0.021156276918851757,0.35324042868479705,0.09170401761177842
Western Africa,Security,1538684.4771408213,1230947.5817126574,1538684.4771408213,1230947.5817126574,0.012006252881381905,0.014538983432335452,0.03034416665074356,0.08192689844273367
Western Africa,Transport,6176117.560974261,5053187.095342577,5053187.095342577,4134425.80528029,0.04819183553472228,0.05968426645548817,0.09965314761827461,0.2751706799707447
Western Africa,Manual,15541832.561563732,6220216.838626455,13569811.20186719,5466817.636939284,0.12127188825675793,0.07346830271724324,0.26760821899868936,0.3638492978907525
Western Africa,Cleaning,2169148.049413851,255528.7042324835,1594682.7876511395,159705.4401453022,0.016925718303737385,0.0030181038189727345,0.031448500964587206,0.010629348942163582
Western Africa,Tech,5304785.419838711,914470.2156263029,5233071.423694813,889534.0105912293,0.041392888651480324,0.01080100201818231,0.10320061957790609,0.05920379033985299
Western Africa,ArmedForces,345937.56059636705,138375.02423854684,345937.56059636705,138375.02423854684,0.002699327831919264,0.0016343768124180574,0.006822182939671751,0.009209682626801384
Western Asia,Food,7325844.110290508,6643677.978177967,906490.5960293785,224324.463916836,0.24047033894326234,0.40234110000545154,0.043510491992263985,0.02468843548389237
Western Asia,Health,2826810.672460801,1437338.9647142026,2799118.6700003375,1417791.6688597575,0.09278986971347443,0.08704523940553911,0.13435443347114343,0.15603763198658943
Western Asia,Retail,5212613.176621832,392690.916501121,3926909.1650112104,302069.9357700931,0.17110367603941007,0.023781359636359193,0.18848706266449877,0.033244854309105724
Western Asia,Security,2515706.9567540544,2012565.565403244,2515706.9567540544,2012565.565403244,0.08257791122292676,0.12188095902256628,0.1207510015836751,0.221496551249898
Western Asia,Transport,3795503.9807084957,3105412.347852406,3105412.347852406,2540791.9209701503,0.12458716223832941,0.1880637538588388,0.149056172988176,0.27963146026784574
Western Asia,Manual,4738216.360771475,2124092.136999087,4009953.1901061544,1849717.021371853,0.15553163254739863,0.1286350075545835,0.19247307907186792,0.203573959559429
Western Asia,Cleaning,1820495.0179352853,107216.8537279297,1427731.80350613,67010.53357995607,0.059757626208900926,0.0064930520428158065,0.06852946238566471,0.007374965735539573
Western Asia,Tech,1828826.537481879,529304.0732377251,1741885.837024592,511692.8746007286,0.060031107776228776,0.03205465161967965,0.08360848981255209,0.05631528680184843
Western Asia,ArmedForces,400630.68771795544,160252.27508718218,400630.68771795544,160252.27508718218,0.013150675310068626,0.009704876854166208,0.019229806030158055,0.017636854605851734
Western Europe,Food,2756248.3804660407,1995219.914435853,818700.6683634915,57672.20233330384,0.08367160659663038,0.12578438350840876,0.029636774739559262,0.004499488427870331
Western Europe,Health,9438515.62037777,5303650.702779416,9214968.890186267,5145853.0108795315,0.2865256162838513,0.3343573453564262,0.3335797413924223,0.40147081500655
Western Europe,Retail,4755669.102681311,365689.23737164144,3656892.373716414,281299.4133628011,0.14436814805348544,0.023054097919555885,0.13237865768851065,0.021946508092022924
Western Europe,Security,1139520.9596922286,911616.7677537829,1139520.9596922286,911616.7677537829,0.034592509921715156,0.05747093455623405,0.041250395044762314,0.07112281014439496
Western Europe,Transport,2945397.8101737713,2409870.935596722,2409870.935596722,1971712.5836700455,0.08941362781019249,0.15192517264673255,0.08723677020131752,0.15382970641623236
Western Europe,Manual,5966327.2260868335,3221643.475074643,5153655.573770346,2881041.337117703,0.18112017335806765,0.20310164080871793,0.18656113916508052,0.22477400952471224
Western Europe,Cleaning,2134433.003631015,86978.86127264454,1706211.7852986418,54361.78829540283,0.06479511783204431,0.005483396774603889,0.06176447179401377,0.0042412154808982045
Western Europe,Tech,3624507.7825448206,1495295.7341386927,3344021.897582224,1441687.8283590947,0.11002941223905124,0.0942677299482397,0.1210528188536866,0.11247806461098682
Western Europe,ArmedForces,180642.8984295297,72257.1593718119,180642.8984295297,72257.1593718119,0.005483787904961962,0.004555298481080997,0.006539231120647015,0.005637382296332098
