occupational_group,Essential Workers,Vital Workers,Indoor Essential Workers,Indoor Vital Workers,% of Essential Workers,% of Vital Workers,% of Indoor Essential Workers,% of Indoor Vital Workers
Food,667808749.3134205,651806623.7998782,35327648.88234888,19325523.368806604,0.4587649351945535,0.6899328321250452,0.05174888535543961,0.07107552944217702
Health,87074376.47659194,48569068.450385116,85274361.48906165,47298469.63565784,0.05981753117559383,0.051410025191670414,0.12491216642103249,0.17395460433352863
Retail,250151920.03946474,18423555.839917827,184235558.39917827,14171966.03070602,0.17184699886559557,0.01950120725123382,0.269873175589617,0.0521217443712201
Security,34132205.93234063,27305764.745872505,34132205.93234063,27305764.745872505,0.023447819841678017,0.02890296434030125,0.04999776853543932,0.10042531056463012
Transport,110236354.71360955,90193381.12931691,90193381.12931691,73794584.56035021,0.07572912780532894,0.0954690741231078,0.13211767800977314,0.2714021797752887
Manual,186133983.98756588,87635519.08444412,150717973.51877642,71487174.73759362,0.12786856295212012,0.0927615947260496,0.22077572041665874,0.2629159736497036
Cleaning,57432825.37721651,4934912.015234244,43748261.13498522,3084320.0095214024,0.03945465889643943,0.005223570455773438,0.06408362349596755,0.011343531218392634
Tech,57210591.35981331,13676222.538069101,53559698.77238085,13239221.075621711,0.03930199067414252,0.014476187574551849,0.07845567987482593,0.0486912892031006
ArmedForces,5485496.67132343,2194198.668529372,5485496.67132343,2194198.668529372,0.003768374594548096,0.00232254421226665,0.008035302301246371,0.008069837441958784
