Country Name,Country Code,Labour Force (2024),Region,%Indoor Essential Workers,%Indoor Vital Workers,%Essential Workers,%Vital Workers,%Armed Forces (Indoor Essential),%Armed Forces (Essential),%Onsite Excluded Essential (ISCO 61+63),%Onsite Excluded Vital (ISCO 61+63),Indoor Essential Workers,Indoor Vital Workers,Essential Workers,Vital Workers,Armed Forces (Indoor Essential),Armed Forces (Essential)
Aruba,ABW,55826.0,Caribbean,0.2041154670760284,0.0917721954074247,0.3788,0.21575908012122721,,,0.08712868009346048,0.08712868009346048,11394.950064986362,5123.274580814892,21146.8888,12044.96640684763,,
Afghanistan,AFG,9130000.0,Southern Asia,0.19130168425197291,0.08599630442708338,0.6402000000000003,0.49380796279437345,0.019308301584197045,0.019308301584197045,0.3949727484493121,0.3949727484493121,1746584.3772205126,785146.2594192713,5845026.000000003,4508466.700312629,176284.79346371902,176284.79346371902
Angola,AGO,16000000.0,Middle Africa,0.22799217891959261,0.06583642893807344,0.7662999999999999,0.5480609163813221,0.004677742411593453,0.004677742411593453,0.46077789672649394,0.46077789672649394,3647874.8627134818,1053382.863009175,12260799.999999998,8768974.662101155,74843.87858549526,74843.87858549526
Albania,ALB,1370000.0,Southern Europe,0.24843447553386044,0.12428284215987005,0.5662,0.38663698808187563,0.0016668227362112557,0.0016668227362112557,0.28178517836476885,0.28178517836476885,340355.2314813888,170267.49375902198,775694.0,529692.6736721696,2283.54714860942,2283.54714860942
Andorra,AND,50504.0,Southern Europe,0.18300036184657514,0.06089359709230955,0.2872,0.11126580500852098,,,0.01236011306308951,0.01236011306308951,9242.25027469943,3075.3702275500013,14504.748800000001,5619.368216150344,,
United Arab Emirates,ARE,7090000.0,Western Asia,0.1864207921957547,0.07016104297546058,0.33506856366192467,0.14575047379265446,0.0024120422460671424,0.0024120422460671424,0.011248434381214466,0.011248434381214466,1321723.4166679007,497441.79469601554,2375636.1163630458,1033370.8591899201,17101.37952461604,17101.37952461604
Argentina,ARG,22300000.0,South America,0.2507709066850546,0.07425811541242941,0.3878826632213965,0.13632851171056354,0.0,0.0,0.001664779581900304,0.001664779581900304,5592191.219076717,1655955.9736971757,8649783.389837142,3040125.811145567,0.0,0.0
Armenia,ARM,1510000.0,Western Asia,0.21509184285533578,0.11008818320764602,0.5630000000000002,0.4129858634080348,,,0.30902630450557617,0.30902630450557617,324788.682711557,166233.1566435455,850130.0000000002,623608.6537461325,,
American Samoa,ASM,55958.0,Polynesia,0.18690074412093852,0.08232157617467856,0.4891,0.3420390198845327,,,0.21319521643933909,0.21319521643933909,10458.591839519477,4606.550759582663,27369.0578,19139.81947469868,,
Antigua and Barbuda,ATG,46540.0,Caribbean,0.24593434935552105,0.16222597079717552,0.8682000000000002,0.7357690801411492,,,0.3297988234205878,0.3297988234205878,11445.78461900595,7549.996680900548,40406.028000000006,34242.69298976908,,
Australia,AUS,14900000.0,Australia and New Zealand,0.160623463751517,0.06561964137777238,0.24899999999999997,0.11619555119738519,0.0001574261217391232,0.0001574261217391232,0.013304830192332784,0.013304830192332784,2393289.6098976033,977732.6565288084,3710099.9999999995,1731313.7128410393,2345.649213912936,2345.649213912936
Austria,AUT,4770000.0,Western Europe,0.22136137605413866,0.09089231456364946,0.3455,0.16067251421025572,0.0008899379858483443,0.0008899379858483443,0.025889319508201284,0.025889319508201284,1055893.7637782414,433556.34046860796,1648034.9999999998,766407.8927829198,4245.004192496603,4245.004192496603
Azerbaijan,AZE,5020000.0,Western Asia,0.18174921017681112,0.09589352425542197,0.5598000000000002,0.4393347387341939,,,0.3362674306463835,0.3362674306463835,912381.0350875919,481385.4917622183,2810196.000000001,2205460.388445653,,
Burundi,BDI,6110000.0,Eastern Africa,0.05807841623969642,0.021551855088971235,0.8336938175005955,0.7806109080596907,0.00011700439674907038,0.00011700439674907038,0.7335864936228971,0.7335864936228971,354859.12322454515,131681.83459361424,5093869.224928638,4769532.64824471,714.89686413682,714.89686413682
Belgium,BEL,5420000.0,Western Europe,0.1870543247812503,0.07683076280102893,0.29183902339590073,0.13084726734072408,0.0014992308755490018,0.0014992308755490018,0.01079102187654434,0.01079102187654434,1013834.4403143767,416422.7343815768,1581767.506805782,709192.1889867245,8125.83134547559,8125.83134547559
Benin,BEN,6400000.0,Western Africa,0.33813784161929494,0.13424252895659144,0.7150792249605556,0.45094235377032366,0.0005400879589659506,0.0005400879589659506,0.37982755403588475,0.37982755403588475,2164082.1863634875,859152.1853221853,4576507.039747556,2886031.0641300716,3456.5629373820834,3456.5629373820834
Burkina Faso,BFA,6460000.0,Western Africa,0.16290678706068223,0.03941684042979239,0.6907999999999997,0.529852701475667,0.0009081508378370626,0.0009081508378370626,0.4748274315044916,0.4748274315044916,1052377.8444120071,254632.78917645884,4462567.999999998,3422848.4515328086,5866.654412427424,5866.654412427424
Bangladesh,BGD,77400000.0,Southern Asia,0.2975751521825124,0.17979335568751664,0.6623999999999998,0.4937470019187058,0.0008428845627005914,0.0008428845627005914,0.3532234121858243,0.3532234121858243,23032316.77892646,13916005.730213787,51269759.999999985,38216017.94850783,65239.26515302578,65239.26515302578
Bulgaria,BGR,3120000.0,Eastern Europe,0.2330236322154268,0.09584694003904168,0.39736889857696284,0.19617140047951087,0.0028679033172368212,0.0028679033172368212,0.023688104088204983,0.023688104088204983,727033.7325121316,299042.45292181004,1239790.9635601242,612054.769496074,8947.858349778882,8947.858349778882
Bahrain,BHR,913000.0,Western Asia,0.1864207921957547,0.07016104297546058,0.33506856366192467,0.14575047379265446,,,0.011248434381214466,0.011248434381214466,170202.18327472403,64057.03223659551,305917.5986233372,133070.18257269353,,
Bahamas,BHS,237000.0,Caribbean,0.24663186619820462,0.09203776719539163,0.392279910091092,0.16759507373792584,0.0003880279190819827,0.0003880279190819827,0.013040127765290429,0.013040127765290429,58451.752288974494,21812.950825307817,92970.3386915888,39720.03247588842,91.96261682242991,91.96261682242991
Bosnia and Herzegovina,BIH,1360000.0,Southern Europe,0.22145183985310968,0.09588125345235274,0.477,0.29565965127957217,0.0027450202116214213,0.0027450202116214213,0.13094017168358282,0.13094017168358282,301174.50220022915,130398.50469519972,648720.0,402097.12574021815,3733.227487805133,3733.227487805133
Belarus,BLR,4820000.0,Eastern Europe,0.23275323780820856,0.11344427272084731,0.4186,0.23262968951018553,0.0,0.0,0.02320663509366758,0.02320663509366758,1121870.6062355652,546801.394514484,2017652.0000000002,1121275.1034390943,0.0,0.0
Belize,BLZ,190000.0,Central America,0.2878162565507625,0.11140514258349993,0.5330817307029515,0.2806080925697787,0.003195610516012518,0.003195610516012518,0.05852782028482016,0.05852782028482016,54685.08874464487,21166.977090864988,101285.52883356079,53315.537588257954,607.1659980423784,607.1659980423784
Bermuda,BMU,52878.0,Northern America,0.2041154670760284,0.0917721954074247,0.3788,0.21575908012122721,,,0.08712868009346048,0.08712868009346048,10793.217668046229,4852.730148753803,20030.186400000002,11408.908638650253,,
Bolivia,BOL,6860000.0,South America,0.29968249099457595,0.13311533803932382,0.5624,0.3284361281399989,0.0004433980641830095,0.0004433980641830095,0.20723691194154276,0.20723691194154276,2055821.888222791,913171.2189497615,3858064.0,2253071.8390403925,3041.7107202954453,3041.7107202954453
Brazil,BRA,107000000.0,South America,0.23182557625776692,0.08324095044858787,0.391,0.1762634674249673,0.0032534230929677508,0.0032534230929677508,0.03551446046599156,0.03551446046599156,24805336.65958106,8906781.697998902,41837000.0,18860191.0144715,348116.2709475493,348116.2709475493
Barbados,BRB,147000.0,Caribbean,0.1998355904418571,0.0746438681898916,0.3236999999999999,0.1387095591925858,0.0,0.0,0.02473114019240328,0.02473114019240328,29375.831794952996,10972.648623914067,47583.89999999998,20390.30520131011,0.0,0.0
Brunei Darussalam,BRN,234000.0,South-eastern Asia,0.2047126206396789,0.07693846246167584,0.3139000000000001,0.13110518966555,0.011115252412307947,0.011115252412307947,0.0039507585392518,0.0039507585392518,47902.753229684866,18003.600216032144,73452.60000000003,30678.6143817387,2600.96906448006,2600.96906448006
Bhutan,BTN,406000.0,Southern Asia,0.23234811944337946,0.17262110135077374,0.5570313960878089,0.46606729653987505,0.003569658975850406,0.003569658975850406,0.36731315571210066,0.36731315571210066,94333.33649401207,70084.16714841414,226154.74681165043,189223.32239518926,1449.2815441952648,1449.2815441952648
Botswana,BWA,1170000.0,Southern Africa,0.21740096388700478,0.08551519897613377,0.5088,0.3066487747635873,0.0017921896952541696,0.0017921896952541696,0.11480879747728324,0.11480879747728324,254359.1277477956,100052.78280207652,595296.0,358779.06647339714,2096.8619434473785,2096.8619434473785
Central African Republic,CAF,2000000.0,Middle Africa,0.30156328277204236,0.09473564875194308,0.6228,0.34145887086790144,,,0.23726923149485568,0.23726923149485568,603126.5655440848,189471.29750388616,1245600.0,682917.7417358028,,
Canada,CAN,22900000.0,Northern America,0.1935292725586574,0.08185048891300044,0.29580000000000006,0.13814698598393338,,,0.0031431902401827354,0.0031431902401827354,4431820.341593254,1874376.19610771,6773820.000000002,3163565.9790320746,,
Switzerland,CHE,5150000.0,Western Europe,0.1995165206644847,0.08991781559361026,0.3010999999999999,0.14768663254885603,0.00039553012399594546,0.00039553012399594546,0.01832152272479971,0.01832152272479971,1027510.0814220961,463076.7503070928,1550664.9999999995,760586.1576266085,2036.980138579119,2036.980138579119
Chile,CHL,10100000.0,South America,0.24868153186811334,0.09193737150120791,0.4243890584826698,0.19745587469153125,0.0009729429882350458,0.0009729429882350458,0.020445348614147086,0.020445348614147086,2511683.4718679446,928567.4521621999,4286329.490674965,1994304.3343844656,9826.724181173962,9826.724181173962
China,CHN,774000000.0,Eastern Asia,0.2431160042726002,0.11433660730260774,0.5084474130618734,0.3228355147414423,,,0.15232848220904924,0.15232848220904924,188171787.30699256,88496534.05221839,393538297.70988995,249874688.40987632,,
Cote d'Ivoire,CIV,12600000.0,Western Africa,0.3849271766270803,0.18357527751384314,0.7348000000000001,0.46767162009859276,0.0006237098793041533,0.0006237098793041533,0.3712478806630271,0.3712478806630271,4850082.425501212,2313048.4966744236,9258480.000000002,5892662.413242268,7858.744479232332,7858.744479232332
Cameroon,CMR,11100000.0,Middle Africa,0.16129164220201328,0.06074148910606824,0.6290180985304652,0.4728262789366341,,,0.36136258538005694,0.36136258538005694,1790337.2284423474,674230.5290773575,6982100.893688164,5248371.696196638,,
DR Congo,COD,38500000.0,Middle Africa,0.21856410048688293,0.15321266265991124,0.7693945290181995,0.684377008354475,0.00013624679457154064,0.00013624679457154064,0.6379018524442583,0.6379018524442583,8414717.868744994,5898687.512406583,29621689.36720068,26348514.821647286,5245.501591004315,5245.501591004315
Congo Republic,COG,2560000.0,Middle Africa,0.16129164220201328,0.06074148910606824,0.6290180985304652,0.4728262789366341,,,0.36136258538005694,0.36136258538005694,412906.604037154,155498.2121115347,1610286.3322379908,1210435.2740777833,,
Colombia,COL,26800000.0,South America,0.2511184222503237,0.09163234919858153,0.4725546037572512,0.23846438486332278,0.0003842152925309264,0.0003842152925309264,0.04271476268732438,0.04271476268732438,6729973.716308676,2455746.958521985,12664463.380694333,6390845.514337051,10296.969839828827,10296.969839828827
Comoros,COM,276000.0,Eastern Africa,0.24437660501854674,0.1206575980862944,0.5659272519358907,0.3769547508746181,,,0.12679804111299575,0.12679804111299575,67447.9429851189,33301.497071817255,156195.92153430582,104039.51124139459,,
Cabo Verde,CPV,224000.0,Western Africa,0.26165595062716734,0.10472713574516657,0.4979947543424476,0.2660039868490835,,,0.08215281220680336,0.08215281220680336,58610.93294048549,23458.878406917313,111550.82497270826,59584.893054194705,,
Costa Rica,CRI,2360000.0,Central America,0.2419185769811189,0.08950681372584923,0.4363672122218532,0.21214916105081885,0.0,0.0,0.021390826967784788,0.021390826967784788,570927.8416754407,211236.0803930042,1029826.6208435736,500672.02007993247,0.0,0.0
Cuba,CUB,4860000.0,Caribbean,0.23264197089131733,0.07540308546117455,0.40069999999999995,0.16879453200155686,,,0.02963043276674608,0.02963043276674608,1130639.9785318023,366458.9953413083,1947401.9999999998,820341.4255275663,,
Curacao,CUW,71999.0,Caribbean,0.2041154670760284,0.0917721954074247,0.3788,0.21575908012122721,,,0.08712868009346048,0.08712868009346048,14696.109514006968,6607.506297139172,27273.221200000004,15534.438009648238,,
Cayman Islands,CYM,60828.0,Caribbean,0.2041154670760284,0.0917721954074247,0.3788,0.21575908012122721,,,0.08712868009346048,0.08712868009346048,12415.935631300656,5582.31910224283,23041.6464,13124.19332561401,,
Cyprus,CYP,772000.0,Western Asia,0.18300036184657514,0.06089359709230955,0.2872,0.11126580500852098,0.006390178444920446,0.006390178444920446,0.01236011306308951,0.01236011306308951,141276.27934555602,47009.85695526297,221718.4,85897.2014665782,4933.217759478584,4933.217759478584
Czechia,CZE,5540000.0,Eastern Europe,0.19350743790149463,0.09121945130667303,0.32520000000000016,0.17266399774535815,0.0007216975185571741,0.0007216975185571741,0.009041041907609328,0.009041041907609328,1072031.2059742804,505355.7602389686,1801608.000000001,956558.5475092841,3998.2042528067445,3998.2042528067445
Germany,DEU,43800000.0,Western Europe,0.20035082121198058,0.09081194790031169,0.30162425109648,0.14842882747103767,0.0016255104595590821,0.0016255104595590821,0.010935949612101589,0.010935949612101589,8775365.969084749,3977563.318033652,13211142.198025825,6501182.64323145,71197.3581286878,71197.3581286878
Djibouti,DJI,265000.0,Eastern Africa,0.1965673977817001,0.08187900636884418,0.4288968792794462,0.21780780983426298,,,0.052640047365236343,0.052640047365236343,52090.36041215053,21697.93668774371,113657.67300905324,57719.06960607969,,
Dominica,DMA,32630.0,Caribbean,0.24593434935552105,0.16222597079717552,0.8682000000000002,0.7357690801411492,,,0.3297988234205878,0.3297988234205878,8024.837819470652,5293.433427111837,28329.366000000005,24008.145085005697,,
Denmark,DNK,3210000.0,Northern Europe,0.2165157767533181,0.08488566341840552,0.32802497352954324,0.14344995031721403,0.0015834221205196992,0.0015834221205196992,0.013083099835460637,0.013083099835460637,695015.6433781511,272482.9795730817,1052960.1650298338,460474.340518257,5082.785006868235,5082.785006868235
Dominican Republic,DOM,5410000.0,Caribbean,0.23264197089131733,0.07540308546117455,0.40069999999999995,0.16879453200155686,0.0027222353845053606,0.0027222353845053606,0.02963043276674608,0.02963043276674608,1258593.0625220267,407930.6923449543,2167786.9999999995,913178.4181284226,14727.293430174,14727.293430174
Algeria,DZA,13300000.0,Northern Africa,0.2545380224652859,0.12357515804516105,0.48389999999999994,0.2811729691267337,,,0.06525768106905805,0.06525768106905805,3385355.6987883025,1643549.6020006419,6435869.999999999,3739600.489385558,,
Ecuador,ECU,8820000.0,South America,0.2662469503669375,0.12016337630087244,0.588,0.374439147793239,0.0014475211109973266,0.0014475211109973266,0.1652556969228401,0.1652556969228401,2348298.1022363887,1059840.9789736948,5186160.0,3302553.283536368,12767.13619899642,12767.13619899642
Egypt,EGY,33700000.0,Northern Africa,0.2331125521700266,0.10683914908815571,0.4442999999999999,0.25548379900566304,0.0,0.0,0.1312578344280813,0.1312578344280813,7855893.008129897,3600479.3242708477,14972909.999999998,8609804.026490845,0.0,0.0
Eritrea,ERI,1710000.0,Eastern Africa,0.21345787280906733,0.0835471872174023,0.494145592226368,0.27837826284844974,,,0.12121437604182494,0.12121437604182494,365012.9625035051,142865.69014175792,844988.9627070893,476026.8294708491,,
Spain,ESP,24400000.0,Southern Europe,0.23313148228899955,0.0861306428471476,0.37278180988325776,0.16411194703534604,0.002099007062814893,0.002099007062814893,0.017530750810373575,0.017530750810373575,5688408.167851589,2101587.6854704013,9095876.16115149,4004331.5076624434,51215.77233268339,51215.77233268339
Estonia,EST,756000.0,Northern Europe,0.17466751246800397,0.07574911395146701,0.2975607349132358,0.14687889332301315,0.0017257118204116852,0.0017257118204116852,0.007362003768566045,0.007362003768566045,132048.639425811,57266.33014730906,224955.91559440628,111040.44335219795,1304.638136231234,1304.638136231234
Ethiopia,ETH,54500000.0,Eastern Africa,0.20096632036265571,0.08105652860701501,0.8155000000000002,0.6289713194532971,0.0007550391439340811,0.0007550391439340811,0.4655045723728797,0.4655045723728797,10952664.459764736,4417580.809082318,44444750.000000015,34278936.91020469,41149.63334440742,41149.63334440742
Finland,FIN,2900000.0,Northern Europe,0.21083614728644892,0.09018382848220559,0.3352987145952879,0.1623787845655676,0.0011166660749988104,0.0011166660749988104,0.02004476974427108,0.02004476974427108,611424.8271307019,261533.10259839622,972366.2723263348,470898.47524014604,3238.3316174965503,3238.3316174965503
Fiji,FJI,388000.0,Melanesia,0.24650209397195347,0.12042014517640076,0.5566999999999999,0.36585023803251787,0.0,0.0,0.221277742267988,0.221277742267988,95642.81246111795,46723.0163284435,215999.59999999995,141949.89235661694,0.0,0.0
France,FRA,31700000.0,Western Europe,0.2280851578873576,0.10163285705353545,0.36649999999999994,0.1786638294392767,0.0027165249848164915,0.0027165249848164915,0.02340120353064553,0.02340120353064553,7230299.505029236,3221761.5685970737,11618049.999999998,5663643.393225071,86113.84201868279,86113.84201868279
Faroe Islands,FRO,32200.0,Northern Europe,0.2056879837466296,0.08390241154673717,0.31986844028451716,0.15116346167516256,,,0.014162176638538741,0.014162176638538741,6623.1530766414735,2701.657651804937,10299.763777161452,4867.4634659402345,,
"Micronesia, Fed. Sts.",FSM,14500.0,Micronesia,0.23024060509704733,0.09436486884856209,0.4323333333333333,0.23325549775680574,,,0.040209424440210556,0.040209424440210556,3338.4887739071864,1368.2905983041503,6268.833333333333,3382.204717473683,,
Gabon,GAB,824000.0,Middle Africa,0.19464191056080293,0.06328895902207084,0.6976590492652326,0.5104435976589781,,,0.41107024105327544,0.41107024105327544,160384.9343021016,52150.10223418637,574871.0565945517,420605.5244709979,,
United Kingdom,GBR,35400000.0,Northern Europe,0.1957991801914791,0.07727867008007114,0.2991000000000001,0.13338723389959312,0.0010241260675180547,0.0010241260675180547,0.008422004848085298,0.008422004848085298,6931290.97877836,2735664.9208345185,10588140.000000004,4721908.080045597,36254.062790139134,36254.062790139134
Georgia,GEO,1830000.0,Western Asia,0.18174921017681112,0.09589352425542197,0.5598000000000002,0.4393347387341939,0.0024528182367675273,0.0024528182367675273,0.3362674306463835,0.3362674306463835,332601.05462356436,175485.1493874222,1024434.0000000003,803982.5718835748,4488.6573732845745,4488.6573732845745
Ghana,GHA,13900000.0,Western Africa,0.2709815392676412,0.10968687911972377,0.6796,0.45980558751831546,0.0,0.0,0.35932130550825925,0.35932130550825925,3766643.3958202126,1524647.6197641604,9446440.0,6391297.666504585,0.0,0.0
Gibraltar,GIB,27000.0,Southern Europe,0.18300036184657514,0.06089359709230955,0.2872,0.11126580500852098,,,0.01236011306308951,0.01236011306308951,4941.009769857529,1644.127121492358,7754.400000000001,3004.1767352300667,,
Guinea,GIN,4530000.0,Western Africa,0.2833038002978918,0.0622479934715156,0.7077707794758886,0.4227975335625138,0.004082322446408544,0.004082322446408544,0.34879553615912406,0.34879553615912406,1283366.21534945,281983.4104259657,3206201.6310257753,1915272.8270381875,18492.920682230706,18492.920682230706
Gambia,GMB,783000.0,Western Africa,0.35003893948144904,0.10725606312127701,0.7033000000000001,0.36155602075436083,0.0014037362362282052,0.0014037362362282052,0.22578286475191345,0.22578286475191345,274080.4896139746,83981.4974239599,550683.9000000001,283098.36425066454,1099.1254729666846,1099.1254729666846
Guinea-Bissau,GNB,845000.0,Western Africa,0.19051292363932992,0.06978570565373973,0.7700467814066183,0.6109187838167426,0.004018428102012306,0.004018428102012306,0.3460530313890505,0.3460530313890505,160983.42047523378,58968.921277410074,650689.5302885924,516226.3723251475,3395.5717462003986,3395.5717462003986
Equatorial Guinea,GNQ,715000.0,Middle Africa,0.22218236349188103,0.07646258110507749,0.6206174676931594,0.40814909810832295,,,0.2874597191570302,0.2874597191570302,158860.38989669495,54670.74549013041,443741.489400609,291826.60514745093,,
Greece,GRC,4650000.0,Southern Europe,0.2604760357048183,0.10251500554634409,0.4328000000000001,0.21835144255806513,0.0,0.0,0.08813520692397668,0.08813520692397668,1211213.5660274052,476694.7757905,2012520.0000000002,1015334.2078950028,0.0,0.0
Grenada,GRD,58405.654584,Caribbean,0.16530339292399018,0.06710895828861228,0.3022223262926504,0.15781635174574568,0.0035859696071872315,0.0035859696071872315,0.03259055720156743,0.03259055720156743,9654.6528686818,3919.542637296753,17651.49279702148,9217.367327769069,209.4409022260996,209.4409022260996
Greenland,GRL,28992.0,Northern America,0.2056879837466296,0.08390241154673717,0.31986844028451716,0.15116346167516256,,,0.014162176638538741,0.014162176638538741,5963.306024782286,2432.4987155630038,9273.625820728721,4382.531080886313,,
Guatemala,GTM,7580000.0,Central America,0.315570325039069,0.10930695372569396,0.6617000000000001,0.3619095866388528,0.00044999323188213343,0.00044999323188213343,0.09198783619592277,0.09198783619592277,2392023.063796143,828546.7092407602,5015686.000000001,2743274.6667225044,3410.9486976665717,3410.9486976665717
Guam,GUM,77700.0,Micronesia,0.18509452836175005,0.07732177917660073,0.4029,0.24536708913435396,,,0.11958713391383118,0.11958713391383118,14381.844853707978,6007.902242021876,31305.329999999998,19065.022825739303,,
Guyana,GUY,292000.0,South America,0.2863767703780965,0.11000131525824734,0.5454,0.283113082890927,0.0028431085520965486,0.0028431085520965486,0.06214438485545348,0.06214438485545348,83622.01695040418,32120.384055408224,159256.8,82669.02020415069,830.1876972121922,830.1876972121922
Hong Kong,HKG,3840000.0,Eastern Asia,0.13778467531199545,0.06352437261242377,0.27967625449371897,0.17273043322597,,,0.07628112510242449,0.07628112510242449,529093.1531980626,243933.5908317073,1073956.817255881,663284.8635877249,,
Honduras,HND,4300000.0,Central America,0.30855692872834417,0.11262930945409752,0.5832999999999998,0.3064404038499918,0.0011682747767080492,0.0011682747767080492,0.07887936081594266,0.07887936081594266,1326794.79353188,484306.0306526193,2508189.999999999,1317693.736554965,5023.581539844611,5023.581539844611
Croatia,HRV,1730000.0,Southern Europe,0.21074072901239765,0.09161099143209757,0.3466148689695366,0.17739062282570534,0.0029006479908333,0.0029006479908333,0.021020489870204277,0.021020489870204277,364581.4611914479,158487.01517752878,599643.7233172983,306885.77748847025,5018.121024141609,5018.121024141609
Haiti,HTI,5280000.0,Caribbean,0.30855692872834417,0.11262930945409752,0.5832999999999998,0.3064404038499918,,,0.07887936081594266,0.07887936081594266,1629180.5836856572,594682.753917635,3079823.999999999,1618005.3323279568,,
Hungary,HUN,4950000.0,Eastern Europe,0.20011764774690563,0.09079964638035602,0.33821084768948306,0.17702831548505843,0.002002675186845944,0.002002675186845944,0.020642553260142495,0.020642553260142495,990582.3563471829,449458.2495827623,1674143.696062941,876290.1616510393,9913.242174887422,9913.242174887422
Indonesia,IDN,143000000.0,South-eastern Asia,0.308813721896527,0.12333787557703675,0.6027050774044155,0.34816369396542307,0.0015511620867556734,0.0015511620867556734,0.18392574440161363,0.18392574440161363,44160362.23120336,17637316.207516257,86186826.06883141,49787408.2370555,221816.17840606128,221816.17840606128
Isle of Man,IMN,36555.0,Northern Europe,0.1957991801914791,0.07727867008007114,0.2991000000000001,0.13338723389959312,,,0.008422004848085298,0.008422004848085298,7157.439031899518,2824.9217847770005,10933.600500000004,4875.970335199627,,
India,IND,608000000.0,Southern Asia,0.2601575220365954,0.15835319904916287,0.6181000000000001,0.4675104883889619,0.0,0.0,0.30952741695196523,0.30952741695196523,158175773.39825,96278745.02189103,375804800.00000006,284246376.9404889,0.0,0.0
Ireland,IRL,2860000.0,Northern Europe,0.21153088019904712,0.08447497971317088,0.3252046468477114,0.15190874393257456,0.0012339592445958386,0.0012339592445958386,0.03312950927173898,0.03312950927173898,604978.3173692748,241598.4419796687,930085.2899844545,434459.00764716323,3529.1234395440983,3529.1234395440983
Iran,IRN,28600000.0,Southern Asia,0.24656806360738123,0.11003404355665684,0.4785,0.27639787688619755,0.0075150371179613104,0.0075150371179613104,0.09213577224188944,0.09213577224188944,7051846.619171103,3146973.645720386,13685100.0,7904979.2789452495,214930.06157369347,214930.06157369347
Iraq,IRQ,12000000.0,Western Asia,0.27988675792410117,0.12851455375210927,0.4965198560767438,0.27238891173931407,0.020433985356144123,0.020433985356144123,0.0685390052289934,0.0685390052289934,3358641.095089214,1542174.6450253113,5958238.272920926,3268666.9408717686,245207.82427372946,245207.82427372946
Iceland,ISL,248000.0,Northern Europe,0.2056879837466296,0.08390241154673717,0.31986844028451716,0.15116346167516256,0.0,0.0,0.014162176638538741,0.014162176638538741,51010.619969164145,20807.798063590817,79327.37319056026,37488.53849544031,0.0,0.0
Israel,ISR,4710000.0,Western Asia,0.15749337959976478,0.06418123933848799,0.23969999999999997,0.10926472090842951,0.0,0.0,0.005540486871281164,0.005540486871281164,741793.8179148921,302293.6372842784,1128986.9999999998,514636.83547870297,0.0,0.0
Italy,ITA,25800000.0,Southern Europe,0.20983440552147384,0.08415728001935999,0.33860840700786987,0.15628137131299907,0.0037532399881984473,0.0037532399881984473,0.0194271990942134,0.0194271990942134,5413727.662454025,2171257.824499488,8736096.900803043,4032059.379875376,96833.59169551994,96833.59169551994
Jamaica,JAM,1570000.0,Caribbean,0.20451991697791916,0.07555986028387784,0.3404089148897141,0.14657111958625102,,,0.02080533342333191,0.02080533342333191,321096.2696553331,118628.98064568822,534441.9963768511,230116.6577504141,,
Jordan,JOR,3080000.0,Western Asia,0.3006823062047171,0.10690458551353879,0.4829000000000001,0.19225130323678258,0.0,0.0,0.01677164024286709,0.01677164024286709,926101.5031105286,329266.1233816995,1487332.0000000002,592134.0139692903,0.0,0.0
Japan,JPN,69400000.0,Eastern Asia,0.21643642824329845,0.07723608016913504,0.33880407250162425,0.1385768614957702,0.0,0.0,0.026173936802128428,0.026173936802128428,15020688.120084912,5360183.963737972,23513002.63161272,9617234.187806452,0.0,0.0
Kazakhstan,KAZ,10300000.0,Central Asia,0.18174921017681112,0.09589352425542197,0.5598000000000002,0.4393347387341939,,,0.3362674306463835,0.3362674306463835,1872016.8648211544,987703.2998308463,5765940.000000002,4525147.808962197,,
Kenya,KEN,23800000.0,Eastern Africa,0.25421956371328247,0.15645237138994436,0.6294000000000001,0.4699323019755998,0.001729370901772382,0.001729370901772382,0.32219552840828297,0.32219552840828297,6050425.616376122,3723566.4390806756,14979720.000000002,11184388.787019275,41159.02746218269,41159.02746218269
Kyrgyz Republic,KGZ,3200000.0,Central Asia,0.273906490971705,0.1261448933054685,0.5374999999999998,0.30899756953868457,0.0006614677299125091,0.0006614677299125091,0.14443603867750285,0.14443603867750285,876500.771109456,403663.65857749915,1719999.9999999993,988792.2225237907,2116.696735720029,2116.696735720029
Cambodia,KHM,9900000.0,South-eastern Asia,0.2602139721388506,0.10790694068342944,0.5805000000000001,0.370011199927399,0.002251265824536358,0.002251265824536358,0.22616377877390673,0.22616377877390673,2576118.324174621,1068278.7127659514,5746950.000000001,3663110.8792812503,22287.531662909947,22287.531662909947
Kiribati,KIR,40794.0,Micronesia,0.303318035612552,0.11900042895973864,0.6014999999999999,0.33531225476501486,0.0,0.0,0.0075205418388479255,0.0075205418388479255,12373.555944778445,4854.5034989835785,24537.590999999997,13678.728120884016,0.0,0.0
St. Kitts and Nevis,KNA,21848.0,Caribbean,0.24593434935552105,0.16222597079717552,0.8682000000000002,0.7357690801411492,,,0.3297988234205878,0.3297988234205878,5373.173664719424,3544.313009976691,18968.433600000004,16075.082862923828,,
South Korea,KOR,29700000.0,Eastern Asia,0.2297762162579493,0.09578634373587139,0.4236257427817488,0.23070618811860624,,,0.08925120950558883,0.08925120950558883,6824353.622861095,2844854.4089553803,12581684.560617939,6851973.787122605,,
Kuwait,KWT,3000000.0,Western Asia,0.1864207921957547,0.07016104297546058,0.33506856366192467,0.14575047379265446,,,0.011248434381214466,0.011248434381214466,559262.3765872641,210483.12892638173,1005205.690985774,437251.4213779634,,
Laos,LAO,3580000.0,South-eastern Asia,0.18297692972904664,0.10812669227999977,0.5696,0.47164062833990283,0.013373527930809367,0.013373527930809367,0.42749133716466675,0.42749133716466675,655057.4084299869,387093.55836239917,2039168.0,1688473.4494568522,47877.229992297536,47877.229992297536
Lebanon,LBN,1940000.0,Western Asia,0.21054005943755424,0.07626758000591563,0.34990000000000004,0.15362158499052625,0.017840541040505926,0.017840541040505926,0.016892439654016964,0.016892439654016964,408447.71530885523,147959.10521147633,678806.0000000001,298025.8748816209,34610.6496185815,34610.6496185815
Liberia,LBR,2610000.0,Western Africa,0.22225866245340553,0.07494380633898673,0.5138463084498659,0.3103411726427084,0.0015978293638830268,0.0015978293638830268,0.20745885608713466,0.20745885608713466,580095.1090033884,195603.33454475537,1341138.8650541499,809990.4605974689,4170.3346397347,4170.3346397347
Libya,LBY,2580000.0,Northern Africa,0.2473961990335328,0.11799648839282594,0.4706999999999999,0.2726099124197101,,,0.08725773218873246,0.08725773218873246,638282.1935065147,304430.9400534909,1214405.9999999998,703333.574042852,,
St. Lucia,LCA,102000.0,Caribbean,0.24593434935552105,0.16222597079717552,0.8682000000000002,0.7357690801411492,,,0.3297988234205878,0.3297988234205878,25085.303634263146,16547.0490213119,88556.40000000002,75048.44617439722,,
Liechtenstein,LIE,20786.0,Western Europe,0.18300036184657514,0.06089359709230955,0.2872,0.11126580500852098,,,0.01236011306308951,0.01236011306308951,3803.845521342911,1265.7343091607463,5969.7392,2312.771022907117,,
Sri Lanka,LKA,8500000.0,Southern Asia,0.20714135089242539,0.10751777319163908,0.46499999999999997,0.3075791602663887,0.002264139550017054,0.002264139550017054,0.10705051950898598,0.10705051950898598,1760701.4825856157,913901.0721289321,3952499.9999999995,2614422.862264304,19245.18617514496,19245.18617514496
Lesotho,LSO,884000.0,Southern Africa,0.1925382504954692,0.06812324053895377,0.5700999999999996,0.37504824169785445,0.0015778334846508286,0.0015778334846508286,0.19870857516921786,0.19870857516921786,170203.81343799477,60220.94463643513,503968.3999999997,331542.6456609033,1394.8048004313325,1394.8048004313325
Lithuania,LTU,1550000.0,Northern Europe,0.18287489321625494,0.07856811105435675,0.3190086468909774,0.16111874115336963,0.0012984561750223442,0.0012984561750223442,0.021640043411403544,0.021640043411403544,283456.08448519517,121780.57213425296,494463.40268101497,249734.04878772292,2012.6070712846335,2012.6070712846335
Luxembourg,LUX,350000.0,Western Europe,0.12319468001736876,0.05105213004744877,0.199830320701521,0.09182598941103652,0.0007385740174882889,0.0007385740174882889,0.01192124053080345,0.01192124053080345,43118.13800607907,17868.24551660707,69940.61224553235,32139.09629386278,258.5009061209011,258.5009061209011
Latvia,LVA,955000.0,Northern Europe,0.18168740599172736,0.07781633352363523,0.31925043067459424,0.1627755507867006,0.0038939950532822856,0.0038939950532822856,0.017672036660999254,0.017672036660999254,173511.47272209963,74314.59851507164,304884.1612942375,155450.6510012991,3718.765275884583,3718.765275884583
Macau,MAC,382000.0,Eastern Asia,0.13778467531199545,0.06352437261242377,0.27967625449371897,0.17273043322597,,,0.07628112510242449,0.07628112510242449,52633.745969182266,24266.31033794588,106836.32921660064,65983.02549232055,,
Saint-Martin,MAF,,Caribbean,0.24593434935552105,0.16222597079717552,0.8682000000000002,0.7357690801411492,,,0.3297988234205878,0.3297988234205878,,,,,,
Morocco,MAR,12500000.0,Northern Africa,0.2473961990335328,0.11799648839282594,0.4706999999999999,0.2726099124197101,,,0.08725773218873246,0.08725773218873246,3092452.48791916,1474956.104910324,5883749.999999999,3407623.9052463765,,
Monaco,MCO,78364.0,Western Europe,0.18300036184657514,0.06089359709230955,0.2872,0.11126580500852098,,,0.01236011306308951,0.01236011306308951,14340.640355745014,4771.865842541745,22506.1408,8719.233543687738,,
Moldova,MDA,1360000.0,Eastern Europe,0.20140908361362567,0.09914826887538908,0.48823333333333335,0.34145736465168347,,,0.20968434830907498,0.20968434830907498,273916.3537145309,134841.64567052913,663997.3333333334,464382.01592628955,,
Madagascar,MDG,16500000.0,Eastern Africa,0.24593434935552105,0.16222597079717552,0.8682000000000002,0.7357690801411492,0.0007194904678203184,0.0007194904678203184,0.3297988234205878,0.3297988234205878,4057916.7643660973,2676728.518153396,14325300.000000004,12140189.82232896,11871.592719035254,11871.592719035254
Maldives,MDV,270000.0,Southern Asia,0.15274132750009287,0.06296349615989237,0.3861,0.2578905543687608,0.005116049894971604,0.005116049894971604,0.1470782527210845,0.1470782527210845,41240.158425025074,17000.14396317094,104247.0,69630.44967956541,1381.333471642333,1381.333471642333
Mexico,MEX,61000000.0,Central America,0.3279259533587263,0.10454092178023773,0.5869,0.25570645250321167,0.0005475013556775773,0.0005475013556775773,0.057912132268540285,0.057912132268540285,20003483.154882304,6376996.2285945015,35800900.0,15598093.602695912,33397.58269633221,33397.58269633221
Marshall Islands,MHL,13860.0,Micronesia,0.2041154670760284,0.0917721954074247,0.3788,0.21575908012122721,0.004453344012815379,0.004453344012815379,0.08712868009346048,0.08712868009346048,2829.0403736737535,1271.9626283469065,5250.168000000001,2990.420850480209,61.72334801762115,61.72334801762115
North Macedonia,MKD,779000.0,Southern Europe,0.26706054433132004,0.11550616539354375,0.4574000000000001,0.2359964783325997,0.004527279669747772,0.004527279669747772,0.04131147135240465,0.04131147135240465,208040.1640340983,89979.30284157058,356314.6000000001,183841.25662109518,3526.7508627335146,3526.7508627335146
Mali,MLI,9130000.0,Western Africa,0.26103084083117706,0.14006437400410285,0.7776703257050324,0.6210932678078949,0.0007238840172324238,0.0007238840172324238,0.5750992330960311,0.5750992330960311,2383211.5767886466,1278787.734657459,7100130.073686945,5670581.53508608,6609.061077332029,6609.061077332029
Malta,MLT,318000.0,Southern Europe,0.21080190162141918,0.07943282000097777,0.33874943520097683,0.15551634062794092,,,0.02864667633526578,0.02864667633526578,67035.0047156113,25259.636760310932,107722.32039391063,49454.196319685216,,
Myanmar,MMR,22700000.0,South-eastern Asia,0.3447301220141447,0.16748172730635866,0.7500000000000001,0.49437027202418615,0.00023030581154941893,0.00023030581154941893,0.31847948566660494,0.31847948566660494,7825373.769721085,3801835.2098543416,17025000.000000004,11222205.174949026,5227.94192217181,5227.94192217181
Montenegro,MNE,245000.0,Southern Europe,0.24371735927105279,0.09350245136388659,0.40917986531841344,0.20411975520013922,0.001812523806443731,0.001812523806443731,0.05941773930416909,0.05941773930416909,59710.75302140793,22908.100584152213,100249.0670030113,50009.34002403411,444.0683325787141,444.0683325787141
Mongolia,MNG,1450000.0,Eastern Asia,0.27257799161324975,0.15141959172831948,0.5589999999999999,0.37856981095989434,0.0021703284189429255,0.0021703284189429255,0.2439370410475807,0.2439370410475807,395238.08783921215,219558.40800606326,810549.9999999999,548926.2258918468,3146.976207467242,3146.976207467242
Northern Mariana Islands,MNP,23002.0,Micronesia,0.18509452836175008,0.07732177917660073,0.4029,0.24536708913435393,,,0.11958713391383118,0.11958713391383118,4257.544341376975,1778.55556462017,9267.505799999999,5643.933784268409,,
Mozambique,MOZ,15200000.0,Eastern Africa,0.12637456565873897,0.038051612661604124,0.8692999999999995,0.7440744860344959,0.0005035785088555537,0.0005035785088555537,0.6686394302631241,0.6686394302631241,1920893.3980128325,578384.5124563827,13213359.999999993,11309932.187724337,7654.393334604416,7654.393334604416
Mauritania,MRT,1210000.0,Western Africa,0.30156328277204236,0.09473564875194308,0.6228,0.34145887086790144,,,0.23726923149485568,0.23726923149485568,364891.57215417124,114630.13498985113,753588.0,413165.2337501607,,
Mauritius,MUS,595000.0,Eastern Africa,0.22997770915012844,0.08816651396211192,0.3928817558076716,0.17987979194327577,0.0,0.0,0.029714064469656045,0.029714064469656045,136836.73694432643,52459.07580745659,233764.6447055646,107028.47620624909,0.0,0.0
Malawi,MWI,8600000.0,Eastern Africa,0.18427895530319924,0.1036906453323773,0.7338039751033941,0.6163510200172708,,,0.5252449178853887,0.5252449178853887,1584799.0156075135,891739.5498584448,6310714.185889189,5300618.772148529,,
Malaysia,MYS,18300000.0,South-eastern Asia,0.2823814586509616,0.12298640311678494,0.5783477480294703,0.35588859074792284,,,0.17490410377142526,0.17490410377142526,5167580.693312597,2250651.1770371646,10583763.788939307,6512761.210686988,,
Namibia,NAM,1130000.0,Southern Africa,0.20770462360192699,0.09965697358370793,0.4369084434740257,0.2638543147319709,0.008284904636978493,0.008284904636978493,0.022400015497182835,0.022400015497182835,234706.2246701775,112612.38014958995,493706.541125649,298155.3756471271,9361.942239785698,9361.942239785698
New Caledonia,NCL,131000.0,Melanesia,0.18690074412093852,0.08232157617467856,0.4891,0.3420390198845327,,,0.21319521643933909,0.21319521643933909,24483.997479842947,10784.12647888289,64072.1,44807.11160487379,,
Niger,NER,10500000.0,Western Africa,0.30156328277204236,0.09473564875194308,0.6228,0.34145887086790144,0.0017281958521605976,0.0017281958521605976,0.23726923149485568,0.23726923149485568,3166414.4691064446,994724.3118954024,6539400.0,3585318.144112965,18146.056447686275,18146.056447686275
Nigeria,NGA,113000000.0,Western Africa,0.16129164220201328,0.06074148910606824,0.6290180985304652,0.4728262789366341,0.00208369048677556,0.00208369048677556,0.36136258538005694,0.36136258538005694,18225955.568827502,6863788.268985711,71079045.13394257,53429369.51983965,235457.02500563828,235457.02500563828
Nicaragua,NIC,3220000.0,Central America,0.3042680886170721,0.10596755569869558,0.5824333333333332,0.3004645699412561,,,0.07563467592914573,0.07563467592914573,979743.2453469721,341215.5293497998,1875435.333333333,967495.9152108446,,
Netherlands,NLD,10300000.0,Western Europe,0.19577482988829326,0.07602353696624682,0.2896668677796554,0.12543253956334685,0.0011183844250253231,0.0011183844250253231,0.012252266710976926,0.012252266710976926,2016480.7478494206,783042.4307523422,2983568.7381304507,1291955.1575024726,11519.359577760828,11519.359577760828
Norway,NOR,3040000.0,Northern Europe,0.2241004107468872,0.09344170300354253,0.32839238909861024,0.14935104452941697,0.0013795497961730046,0.0013795497961730046,0.011187546426491562,0.011187546426491562,681265.248670537,284062.7771307693,998312.8628597751,454027.1753694276,4193.831380365934,4193.831380365934
Nepal,NPL,8440000.0,Southern Asia,0.2603105875596406,0.09222391465878749,0.5136999999999998,0.2799692930806947,0.0010104553497235604,0.0010104553497235604,0.13849566954916728,0.13849566954916728,2197021.3590033664,778369.8397201664,4335627.999999998,2362940.833601063,8528.24315166685,8528.24315166685
Nauru,NRU,8000.0,Polynesia,0.11704900931260705,0.07421362342467469,0.18266928780049427,0.11617531662291335,0.0,0.0,0.003619411368231858,0.003619411368231858,936.3920745008563,593.7089873973976,1461.354302403954,929.4025329833067,0.0,0.0
New Zealand,NZL,3120000.0,Australia and New Zealand,0.160623463751517,0.06561964137777238,0.24899999999999997,0.11619555119738519,,,0.013304830192332784,0.013304830192332784,501145.2069047331,204733.2810986498,776879.9999999999,362530.11973584176,,
Oman,OMN,2700000.0,Western Asia,0.1864207921957547,0.07016104297546058,0.33506856366192467,0.14575047379265446,,,0.011248434381214466,0.011248434381214466,503336.13892853766,189434.81603374355,904685.1218871966,393526.27924016706,,
Pakistan,PAK,83600000.0,Southern Asia,0.2939392693034554,0.16603968009864123,0.6342,0.44738515940384294,0.0014300677423046708,0.0014300677423046708,0.3029850542489402,0.3029850542489402,24573322.91376887,13880917.256246407,53019120.0,37401399.32616127,119553.66325667048,119553.66325667048
Panama,PAN,2210000.0,Central America,0.20402628092359387,0.10875305279255688,0.45919999999999994,0.30315548005179765,0.0,0.0,0.09104606179737362,0.09104606179737362,450898.08084114245,240344.2466715507,1014831.9999999999,669973.6109144728,0.0,0.0
Peru,PER,18900000.0,South America,0.28893677758184394,0.10787427984598515,0.5821640881928191,0.31485686055353823,0.0028325547475367393,0.0028325547475367393,0.09911879148113269,0.09911879148113269,5460905.096296851,2038823.8890891192,11002901.26684428,5950794.664461873,53535.28472844437,53535.28472844437
Philippines,PHL,51000000.0,South-eastern Asia,0.2542586007379064,0.10496966691142463,0.5046999999999999,0.2928998297439464,0.0007745968804595014,0.0007745968804595014,0.07825217997095765,0.07825217997095765,12967188.637633227,5353453.012482656,25739699.999999996,14937891.316941267,39504.44090343457,39504.44090343457
Palau,PLW,8000.0,Micronesia,0.18328831260256162,0.0723219821785229,0.3167,0.14869515838417516,0.0,0.0,0.025979051388323265,0.025979051388323265,1466.306500820493,578.5758574281832,2533.6,1189.5612670734013,0.0,0.0
Papua New Guinea,PNG,3660000.0,Melanesia,0.3001683721032496,0.12005311759381414,0.696883799466598,0.44782324945914337,0.0006470206135348975,0.0006470206135348975,0.32827732511161284,0.32827732511161284,1098616.2418978936,439394.4103933597,2550594.7060477487,1639033.0930204648,2368.0954455377246,2368.0954455377246
Poland,POL,18200000.0,Eastern Europe,0.19345374579236044,0.08975125261991164,0.33341885308901104,0.18458642896665536,0.003520322382365434,0.003520322382365434,0.057497060513271886,0.057497060513271886,3520858.17342096,1633472.797682392,6068223.126220001,3359473.0071931276,64069.86735905089,64069.86735905089
Puerto Rico,PRI,1150000.0,Caribbean,0.1918794973984029,0.081436952847595,0.36828524982258815,0.1943784418220967,,,0.04549870917766918,0.04549870917766918,220661.42200816335,93652.49577473426,423528.03729597636,223535.20809541122,,
North Korea,PRK,17600000.0,Eastern Asia,0.260153704760366,0.1276763207586279,0.6293460555613319,0.4428100315678945,,,0.2890849719014419,0.2890849719014419,4578705.203782441,2247103.245351851,11076490.577879442,7793456.555594943,,
Portugal,PRT,5460000.0,Southern Europe,0.19011153705403303,0.07514074064346006,0.3204999999999999,0.15492123221673781,0.0017518678810753943,0.0017518678810753943,0.035586641350829076,0.035586641350829076,1038008.9923150203,410268.4439132919,1749929.9999999995,845869.9279033885,9565.198630671654,9565.198630671654
Paraguay,PRY,3500000.0,South America,0.2789121651955481,0.11132149720061935,0.524454696064273,0.28198669272671384,,,0.11344790269501331,0.11344790269501331,976192.5781844184,389625.2402021677,1835591.4362249554,986953.4245434984,,
Palestine,PSE,,Western Asia,0.22972345564203714,0.07836996739277895,0.3935,0.17902596433845971,0.020723291666727678,0.020723291666727678,0.03284258739124965,0.03284258739124965,,,,,,
French Polynesia,PYF,119000.0,Polynesia,0.18690074412093852,0.08232157617467856,0.4891,0.3420390198845327,,,0.21319521643933909,0.21319521643933909,22241.188550391682,9796.267564786749,58202.899999999994,40702.64336625939,,
Qatar,QAT,2120000.0,Western Asia,0.1864207921957547,0.07016104297546058,0.33506856366192467,0.14575047379265446,,,0.011248434381214466,0.011248434381214466,395212.07945499994,148741.41110797643,710345.3549632803,308991.00444042747,,
Romania,ROU,8260000.0,Eastern Europe,0.2462021811465495,0.11748279536912286,0.5137935870660304,0.3239697998527077,0.002469555428570538,0.002469555428570538,0.13748663993744645,0.13748663993744645,2033630.0162704987,970407.8897489548,4243935.029165411,2675990.5467833653,20398.527839992643,20398.527839992643
Russia,RUS,72500000.0,Eastern Europe,0.23241917515987126,0.1106285269820438,0.3977,0.21500496982906628,0.0,0.0,0.015067584237981423,0.015067584237981423,16850390.199090667,8020568.206198175,28833250.0,15587860.312607305,0.0,0.0
Rwanda,RWA,5670000.0,Eastern Africa,0.255278030574137,0.09520650700901244,0.7454613562625271,0.5055541848231894,0.0023713221295027266,0.0023713221295027266,0.16575685625344966,0.16575685625344966,1447426.4333553568,539820.8947411005,4226765.890008529,2866492.227947484,13445.39647428046,13445.39647428046
Saudi Arabia,SAU,17200000.0,Western Asia,0.1864207921957547,0.07016104297546058,0.33506856366192467,0.14575047379265446,,,0.011248434381214466,0.011248434381214466,3206437.625766981,1206769.939177922,5763179.294985104,2506908.149233657,,
Sudan,SDN,13060000.0,Northern Africa,0.2472388228638018,0.08688354891451855,0.6246430181202116,0.3995191688768233,0.01181727393784675,0.01181727393784675,0.25836303339500216,0.25836303339500216,3228939.0266012517,1134699.1488236121,8157837.816649964,5217720.345531313,154333.59762827854,154333.59762827854
Senegal,SEN,5760000.0,Western Africa,0.3346345147790578,0.11489645644936358,0.6606757144222857,0.363741389350521,0.000886539389385726,0.000886539389385726,0.2752101236524527,0.2752101236524527,1927494.805127373,661803.5891483342,3805492.1150723654,2095150.402659001,5106.466882861781,5106.466882861781
Singapore,SGP,3720000.0,South-eastern Asia,0.0324533463513907,0.012712137922239809,0.05090509592556456,0.022625351710497725,0.0,0.0,0.00023376799579974096,0.00023376799579974096,120726.44842717341,47289.15307073209,189366.95684310017,84166.30836305153,0.0,0.0
Solomon Islands,SLB,436000.0,Melanesia,0.24647418874308813,0.11183904278363954,0.599561266488866,0.4065539415984069,,,0.2848278362844667,0.2848278362844667,107462.74629198642,48761.82265366684,261408.71218914556,177257.5185369054,,
Sierra Leone,SLE,2860000.0,Western Africa,0.34081882644320616,0.11876810130276849,0.8321000000000003,0.5218171562742772,0.0020850138076132733,0.0020850138076132733,0.4133647776179656,0.4133647776179656,974741.8436275696,339676.7697259179,2379806.000000001,1492397.0669444327,5963.139489773962,5963.139489773962
El Salvador,SLV,2890000.0,Central America,0.28867701208380314,0.09596640391629523,0.5023,0.2330437193349236,0.002086537482607663,0.002086537482607663,0.05603683077557174,0.05603683077557174,834276.5649221911,277342.90731809323,1451647.0,673496.3488779292,6030.093324736145,6030.093324736145
San Marino,SMR,15554.0,Southern Europe,0.18300036184657512,0.06089359709230955,0.2872,0.11126580500852097,,,0.01236011306308951,0.01236011306308951,2846.3876281616294,947.1390091737827,4467.1088,1730.6283311025352,,
Somalia,SOM,3440000.0,Eastern Africa,0.1965673977817001,0.08187900636884418,0.4288968792794462,0.21780780983426298,0.009212866590812803,0.009212866590812803,0.052640047365236343,0.052640047365236343,676191.8483690483,281663.781908824,1475405.2647212949,749258.8658298646,31692.261072396042,31692.261072396042
Serbia,SRB,3230000.0,Southern Europe,0.22557458516684795,0.11481730449307288,0.45770000000000016,0.29939333553234393,0.0020985488552079977,0.0020985488552079977,0.152573032025076,0.152573032025076,728605.9100889189,370859.8935126254,1478371.0000000005,967040.4737694709,6778.312802321832,6778.312802321832
South Sudan,SSD,5303000.0,Eastern Africa,0.25751057779055486,0.08914141798467269,0.558472796113184,0.3099185668581756,,,0.1792418037683403,0.1792418037683403,1365578.5940233124,472716.9395727193,2961581.237788215,1643498.160048905,,
Sao Tome and Principe,STP,34500.0,Middle Africa,0.31061353771282685,0.1053572951870934,0.5351752552837805,0.24117741772935664,0.0024317264307765376,0.0024317264307765376,0.08994633103775826,0.08994633103775826,10716.167051092527,3634.8266839547223,18463.546307290428,8320.620911662803,83.89456186179055,83.89456186179055
Suriname,SUR,255000.0,South America,0.2575014814408908,0.10928140909060605,0.4614000000000001,0.23790757513131225,0.0034542205070618565,0.0034542205070618565,0.04530683917824641,0.04530683917824641,65662.87776742716,27866.75931810454,117657.00000000003,60666.431658484624,880.8262293007734,880.8262293007734
Slovakia,SVK,2780000.0,Eastern Europe,0.21846151656763577,0.09582049262648983,0.3458,0.16899680999203393,0.0021884488228751543,0.0021884488228751543,0.005344410000969325,0.005344410000969325,607323.0160580274,266380.9695016417,961324.0,469811.1317778543,6083.887727592929,6083.887727592929
Slovenia,SVN,1060000.0,Southern Europe,0.1978657037183104,0.0871679953628259,0.32920813737827037,0.1667525254495652,0.0029266665655937785,0.0029266665655937785,0.025498026551847866,0.025498026551847866,209737.64594140902,92398.07508459546,348960.6256209666,176757.6769765391,3102.266559529405,3102.266559529405
Sweden,SWE,5700000.0,Northern Europe,0.19485514969354537,0.08565424934371849,0.29255271274491307,0.14034441719362817,0.0013583918649419638,0.0013583918649419638,0.010973884316664982,0.010973884316664982,1110674.3532532086,488229.22125919536,1667550.4626460045,799963.1780036805,7742.833630169193,7742.833630169193
Eswatini,SWZ,391000.0,Southern Africa,0.2462973222399985,0.09377615120900648,0.4925000000000001,0.2718104484658136,0.0016207614369324996,0.0016207614369324996,0.10445074285547723,0.10445074285547723,96302.25299583942,36666.47512272153,192567.50000000003,106277.88535013312,633.7177218406074,633.7177218406074
Sint Maarten,SXM,23200.0,Caribbean,0.21805509450252594,0.1152567872040083,0.5419333333333335,0.38909574679453457,,,0.1680187278691696,0.1680187278691696,5058.878192458602,2673.9574631329924,12572.853333333336,9027.021325633203,,
Seychelles,SYC,100000.0,Eastern Africa,0.2572177565499908,0.11158030949959571,0.43670000000000003,0.21521538053942943,0.0028628889151780437,0.0028628889151780437,0.02088123544874344,0.02088123544874344,25721.77565499908,11158.030949959571,43670.0,21521.538053942942,286.28889151780436,286.28889151780436
Syria,SYR,6620000.0,Western Asia,0.26370304118879084,0.10389557309052122,0.44310661869224804,0.20608726665554097,,,0.034067695041959146,0.034067695041959146,1745714.1326697953,687788.6938592505,2933365.815742682,1364297.7052596812,,
Turks and Caicos Islands,TCA,,Caribbean,0.2041154670760284,0.0917721954074247,0.3788,0.21575908012122721,,,0.08712868009346048,0.08712868009346048,,,,,,
Chad,TCD,6600000.0,Middle Africa,0.2868790477782132,0.09287090516285296,0.6013575987043946,0.3309454361979928,,,0.21792675558601723,0.21792675558601723,1893401.7153362073,612947.9740748295,3968960.1514490047,2184239.8789067524,,
Togo,TGO,3340000.0,Western Africa,0.28945667966188915,0.09252292114528744,0.6347,0.377812292988704,0.0012816118894204004,0.0012816118894204004,0.30986374043101544,0.30986374043101544,966785.3100707098,309026.55662526004,2119898.0,1261893.0585822714,4280.5837106641375,4280.5837106641375
Thailand,THA,40600000.0,South-eastern Asia,0.28557659151845094,0.13820079108379277,0.5639,0.3570828839387509,0.0006640848680504757,0.0006640848680504757,0.21950247403960818,0.21950247403960818,11594409.615649108,5610952.118001986,22894340.0,14497565.087913286,26961.845642849312,26961.845642849312
Tajikistan,TJK,2780000.0,Central Asia,0.22512160201773085,0.09283899497045005,0.5077094681664397,0.2893587767877344,0.0012961328214093966,0.0012961328214093966,0.024170503669802883,0.024170503669802883,625838.0536092918,258092.40601785114,1411432.3215027023,804417.3994699017,3603.2492435181225,3603.2492435181225
Turkmenistan,TKM,2440000.0,Central Asia,0.18174921017681112,0.09589352425542197,0.5598000000000002,0.4393347387341939,,,0.3362674306463835,0.3362674306463835,443468.0728314191,233980.19918322962,1365912.0000000005,1071976.762511433,,
Timor-Leste,TLS,616000.0,South-eastern Asia,0.21572826852285115,0.10474763967387965,0.6609,0.5106745976888284,0.0030381560163746063,0.0030381560163746063,0.4292719539403587,0.4292719539403587,132888.6134100763,64524.54603910987,407114.4,314575.5521763183,1871.5041060867575,1871.5041060867575
Tonga,TON,34800.0,Polynesia,0.16302486214848327,0.06378096522457134,0.38199999999999995,0.24456790489564134,0.00354014378058358,0.00354014378058358,0.15327623696042572,0.15327623696042572,5673.2652027672175,2219.577589815083,13293.599999999999,8510.96309036832,123.19700356430859,123.19700356430859
Trinidad and Tobago,TTO,650000.0,Caribbean,0.1670922942936957,0.05999794546635029,0.3052468345780504,0.1334087258282414,0.003110495239973497,0.003110495239973497,0.024644732312302027,0.024644732312302027,108609.99129090221,38998.66455312769,198410.44247573277,86715.6717883569,2021.821905982773,2021.821905982773
Tunisia,TUN,4250000.0,Northern Africa,0.2545380224652859,0.12357515804516105,0.48389999999999994,0.2811729691267337,0.0,0.0,0.06525768106905805,0.06525768106905805,1081786.595477465,525194.4216919345,2056574.9999999998,1194985.1187886181,0.0,0.0
Türkiye,TUR,36100000.0,Western Asia,0.25653145096325847,0.11636856894060438,0.47159999999999996,0.268570693612424,0.0,0.0,0.09857060908194128,0.09857060908194128,9260785.37977363,4200905.338755818,17024760.0,9695402.039408507,0.0,0.0
Tuvalu,TUV,9646.0,Polynesia,0.2751496975734165,0.1267207839490547,0.50796340223653,0.26405439205237874,0.0,0.0,0.02643171806167401,0.02643171806167401,2654.0939827931757,1222.3486819725817,4899.814977973569,2547.0686657372453,0.0,0.0
Tanzania,TZA,33000000.0,Eastern Africa,0.2858642037840627,0.22849440012693847,0.711911925310183,0.6180045740831132,0.0006886806006631563,0.0006886806006631563,0.5058158355303012,0.5058158355303012,9433518.724874068,7540315.20418897,23493093.53523604,20394150.944742735,22726.459821884157,22726.459821884157
Uganda,UGA,22800000.0,Eastern Africa,0.16703333885577673,0.0729703177948424,0.7325999999999998,0.6067357069755863,0.0010003129177720766,0.0010003129177720766,0.5136026765244863,0.5136026765244863,3808360.1259117094,1663723.2457224065,16703279.999999996,13833574.119043369,22807.134525203346,22807.134525203346
Ukraine,UKR,25040604.0,Eastern Europe,0.1740435651302054,0.0772684402108752,0.33869999999999995,0.19840036713898096,0.0,0.0,0.011000435916072566,0.011000435916072566,4358155.993173682,1934848.4130182024,8481252.574799998,4968065.026981835,0.0,0.0
Uruguay,URY,1770000.0,South America,0.24811722701022454,0.09297487371654906,0.4287999999999999,0.20266708948660442,0.00249321445097484,0.00249321445097484,0.03398800466236452,0.03398800466236452,439167.49180809746,164565.52647829184,758975.9999999999,358720.74839128985,4412.989578225467,4412.989578225467
United States,USA,174000000.0,Northern America,0.1935292725586574,0.08185048891300044,0.29580000000000006,0.13814698598393338,0.0,0.0,0.0031431902401827354,0.0031431902401827354,33674093.425206386,14241985.070862075,51469200.00000001,24037575.561204407,0.0,0.0
Uzbekistan,UZB,14000000.0,Central Asia,0.21246830377510909,0.10597731393877081,0.5523666666666668,0.39588901566902407,,,0.2723236333234233,0.2723236333234233,2974556.252851527,1483682.3951427913,7733133.333333335,5542446.219366337,,
St. Vincent and the Grenadines,VCT,52100.0,Caribbean,0.24593434935552105,0.16222597079717552,0.8682000000000002,0.7357690801411492,,,0.3297988234205878,0.3297988234205878,12813.179601422647,8451.973078532845,45233.22000000001,38333.56907535387,,
Venezuela,VEN,11100000.0,South America,0.26876738339970174,0.1065566684484797,0.54757289731669,0.30925346440336665,,,0.10236308369709905,0.10236308369709905,2983317.9557366893,1182779.0197781248,6078059.1602152595,3432713.45487737,,
British Virgin Islands,VGB,22000.0,Caribbean,0.20411546707602843,0.0917721954074247,0.3788,0.21575908012122721,,,0.08712868009346048,0.08712868009346048,4490.540275672625,2018.9882989633436,8333.6,4746.699762666999,,
United States Virgin Islands,VIR,47200.0,Caribbean,0.20411546707602843,0.0917721954074247,0.3788,0.21575908012122721,,,0.08712868009346048,0.08712868009346048,9634.250045988541,4331.647623230446,17879.36,10183.828581721924,,
Vietnam,VNM,57100000.0,South-eastern Asia,0.2527540625379067,0.10742054268952526,0.5684381666839956,0.3624191943395947,0.00209072930785124,0.00209072930785124,0.121284092873054,0.121284092873054,14432256.970914474,6133712.987571892,32457819.31765615,20694135.996790856,119380.6434783058,119380.6434783058
Vanuatu,VUT,118000.0,Melanesia,0.19275210015406133,0.09504386558070373,0.5451,0.4059883373035593,0.003507337719703063,0.003507337719703063,0.3049284414737992,0.3049284414737992,22744.747818179236,11215.17613852304,64321.8,47906.62380182,413.8658509249614,413.8658509249614
Samoa,WSM,57200.0,Polynesia,0.18690074412093852,0.08232157617467856,0.4891,0.3420390198845327,0.0,0.0,0.21319521643933909,0.21319521643933909,10690.722563717683,4708.7941571916135,27976.52,19564.631937395272,0.0,0.0
Kosovo,XKX,464567.0,Southern Europe,0.2532544956210116,0.08376766227545832,0.4049999999999999,0.16523833125273213,0.0,0.0,0.026444174198401057,0.026444174198401057,117653.6812671665,38915.69156032284,188149.63499999995,76764.275835088,0.0,0.0
Yemen,YEM,7850000.0,Western Asia,0.2190880311515231,0.08410324750025501,0.5158951632086753,0.2985684138531787,,,0.14407248560068783,0.14407248560068783,1719841.0445394563,660210.4928770019,4049777.0311881015,2343762.048747453,,
South Africa,ZAF,27800000.0,Southern Africa,0.17584277687701308,0.061843758186174755,0.35521120059674305,0.16714896033174503,0.0005514594800299703,0.0005514594800299703,0.0027672006903927985,0.0027672006903927985,4888429.197180964,1719256.4775756581,9874871.376589457,4646741.097222512,15330.573544833174,15330.573544833174
Zambia,ZMB,7410000.0,Eastern Africa,0.14059809646679605,0.044525923208589294,0.6202000000000001,0.48697399993420326,0.0011565753524550677,0.0011565753524550677,0.40127948786274104,0.40127948786274104,1041831.8948189587,329937.0909756467,4595682.000000001,3608477.339512446,8570.223361692051,8570.223361692051
Zimbabwe,ZWE,6390000.0,Eastern Africa,0.1629093197455977,0.0598160245988944,0.6957,0.5378339665429569,0.0005484621829135135,0.0005484621829135135,0.4411662942331409,0.4411662942331409,1040990.5531743693,382224.39718693524,4445523.0,3436759.0462094946,3504.6733488173513,3504.6733488173513
