Country Name,Country Code,Region,%Essential Workers,%Indoor Essential Workers,%Vital Workers,%Indoor Vital Workers,"GDP per capita, PPP (current international $)",GDP Year (PPP),GDP Year (USD),GDP per capita (current US$),Food % of Essential Workers,Food % of Indoor Essential Workers,Food % of Vital Workers,Food % of Indoor Vital Workers
Aruba,ABW,Caribbean,0.3827685485198029,0.249056154765952,0.2184885765149879,0.1095873240268811,51712.1531358934,2024.0,2024.0,38590.5650288641,,,,
Afghanistan,AFG,Southern Asia,0.6614024942069495,0.1896254061664483,0.5205199963591262,0.076853398477278,2236.19907311431,2024.0,2024.0,416.871146273728,0.6483474884742394,0.010854895139954928,0.8238274206353745,0.026782991261170057
Angola,AGO,Middle Africa,0.7791362939280077,0.2829571070217392,0.5278588097652493,0.0861633170039523,9963.59020874287,2024.0,2024.0,2720.81900669715,0.5582533036016764,0.011500049097428808,0.8215141951089535,0.022539937933440474
Albania,ALB,Southern Europe,0.5684044860355706,0.2099591295355569,0.4124092799712406,0.0806373890129031,26701.7649330157,2024.0,2024.0,11374.0085781236,0.5730982181560339,0.013677826851300378,0.7836170622846603,0.003610420852096917
Andorra,AND,Southern Europe,0.2871999999999999,0.234931807664474,0.1126129820091185,0.0850725965592388,75394.8581564469,2024.0,2024.0,49357.437070178,,,,
United Arab Emirates,ARE,Western Asia,0.3394119253646364,0.2762814377295813,0.1476512192107522,0.1159024937124508,79343.7793099888,2024.0,2024.0,50273.5126243239,0.08089843664231686,0.04004282796740279,0.11679433842002067,0.0073339440700268994
Argentina,ARG,South America,0.3944895479278035,0.3267777720748563,0.1311157192807713,0.1132634182751537,30475.3876517556,2024.0,2024.0,13969.7836603737,0.006082253982531963,0.0003849246938841002,0.01829975564419602,0.001110551277716782
Armenia,ARM,Western Asia,0.5641022430177852,0.2113639794183146,0.4143292088968682,0.0879160340593981,22856.32510991,2024.0,2024.0,8556.21406956719,,,,
American Samoa,ASM,Polynesia,0.494687515276384,0.2106926753572065,0.3457000644202561,0.0851469895976218,,,2022.0,18017.4589383973,,,,
Antigua and Barbuda,ATG,Caribbean,0.8699712549514417,0.2033311780756395,0.7402612516759507,0.0981482873673887,33351.5904481886,2024.0,2024.0,23059.8330702839,,,,
Australia,AUS,Australia and New Zealand,0.2496524683733548,0.2073364751850819,0.1165000247808423,0.0904455291115078,72117.8826659555,2024.0,2024.0,64609.9865116088,0.11465334750381419,0.051899663386312765,0.1605741254823239,0.009332596805611902
Austria,AUT,Western Europe,0.3455000000000001,0.2829930138841859,0.1600716522230384,0.1222237478397653,75774.4136543206,2024.0,2024.0,58268.8787651601,0.10151556260502753,0.028454348937967444,0.17054244243469174,0.0022725994220727645
Azerbaijan,AZE,Western Asia,0.5597999999999999,0.2127688293010724,0.4162491378224959,0.0951946791058932,25146.3588844273,2024.0,2024.0,7294.64276088105,,,,
Burundi,BDI,Eastern Africa,0.8346695890004027,0.0618549767188837,0.7810012166596136,0.0197434210398844,1193.03528498996,2024.0,2024.0,216.231928531758,0.9142338961852196,0.0823587401315304,0.9762961102869746,0.22789958839271346
Belgium,BEL,Western Europe,0.3011773125950597,0.2550644849729082,0.1319079019580343,0.1092314714805335,74224.5510568017,2024.0,2024.0,56581.9375642531,0.0646434537335439,0.025020217781681477,0.1039141041723019,0.005673445087574094
Benin,BEN,Western Africa,0.7157393423911016,0.2666377223124488,0.4512563102111938,0.055813082024293,4441.00443511982,2024.0,2024.0,1485.38018885134,0.5520871497497962,0.034072148544936814,0.857422578146786,0.015261215708053145
Burkina Faso,BFA,Western Africa,0.6907999999999997,0.1753690537838622,0.5295358331283615,0.0454570212345785,2901.04214238045,2024.0,2024.0,982.493100418428,0.7051385331493416,0.06054014628030031,0.9002523432370116,0.004906702314861895
Bangladesh,BGD,Southern Asia,0.6733659116227686,0.2267854991690979,0.5008539745575769,0.0899629587533969,9660.77962818873,2024.0,2024.0,2593.41611680774,0.5944879635954176,0.028598693186032413,0.7987708470256855,0.06942182576768044
Bulgaria,BGR,Eastern Europe,0.3941373882712756,0.3109169238008439,0.1924322224200577,0.1437427446846665,41969.595471884,2024.0,2024.0,17596.9167621233,0.09575595612882792,0.02253309476217521,0.16990648459674626,0.013638256914915084
Bahrain,BHR,Western Asia,0.3394119253646364,0.2762814377295813,0.1476512192107522,0.1159024937124508,67230.1000247874,2024.0,2024.0,29717.1424605273,,,,
Bahamas,BHS,Caribbean,0.3985635076352966,0.3283953050870735,0.170253090664586,0.1344968277230364,41257.7650774105,2024.0,2024.0,39455.4466548546,0.09911561425568888,0.049180139477214134,0.14376143378073752,0.008345835862571248
Bosnia and Herzegovina,BIH,Southern Europe,0.4770000000000002,0.2962968931881003,0.2865508805835308,0.1382869234084735,25148.0128390147,2024.0,2024.0,9397.90942855997,0.28568494818243834,0.013423721701181272,0.472268188521335,0.021943882831730804
Belarus,BLR,Eastern Europe,0.418671940705514,0.3412998534749304,0.2311363570705518,0.1817207647098342,33166.3827902975,2024.0,2024.0,8605.60954569694,0.07645953184511417,0.01125498048837362,0.1254057642165552,0.00448872260955831
Belize,BLZ,Central America,0.535949671108297,0.3447718666293272,0.2820602180091727,0.1325228035470234,14367.3539278152,2024.0,2024.0,7681.24400583113,0.3007068289471633,0.07762020720838844,0.5216024463796397,0.09598979988817864
Bermuda,BMU,Northern America,0.3827685485198029,0.249056154765952,0.2184885765149879,0.1095873240268811,118727.973294368,2024.0,2024.0,142250.433195123,,,,
Bolivia,BOL,South America,0.5623999999999999,0.3041291646013965,0.3174413697624322,0.100295605687898,12896.3370149215,2024.0,2024.0,4421.16609889999,0.3846660517276609,0.04735948485495785,0.6393956088767866,0.010347721299130454
Brazil,BRA,South America,0.3921760355914149,0.2910947447705804,0.1776994019589778,0.1127446358544587,22370.9182253225,2024.0,2024.0,10310.5486973693,0.15281987963137528,0.033512288589904085,0.2987736020807224,0.025853531116131895
Barbados,BRB,Caribbean,0.3538757149701909,0.270714620382499,0.1496207911612577,0.1107386867767612,24539.6254147583,2024.0,2024.0,26897.2002039176,0.08750855296511278,0.018028586431913386,0.17607546224670415,0.0023298104606255515
Brunei Darussalam,BRN,South-eastern Asia,0.3142653653857183,0.2605732292660589,0.1371090091554734,0.1127268388931983,90009.8912498003,2024.0,2024.0,33153.4738913513,0.07849288050244743,0.04435967458714744,0.1037934764991579,0.009956551746742509
Bhutan,BTN,Southern Asia,0.5611219551428901,0.1607320834859606,0.4694711589753813,0.0826687215594783,17762.4053956096,2024.0,2024.0,4228.05102403654,0.6753682017296506,0.027455888561709902,0.7992903359667964,0.008381365378416026
Botswana,BWA,Southern Africa,0.5099702477264748,0.2680171004119759,0.3199443449803756,0.113266777135768,20612.4785435561,2024.0,2024.0,7649.81663744354,0.40645396803963485,0.04750934952233733,0.6387367484432546,0.08664586540378849
Central African Republic,CAF,Middle Africa,0.6332789863508657,0.2958730455588337,0.3471997165889176,0.0815024103971723,1264.93671692975,2024.0,2024.0,516.160999996036,,,,
Canada,CAN,Northern America,0.2958,0.2502131744669096,0.1380332968702421,0.1157215559901134,65482.9454728344,2024.0,2024.0,55015.7066917734,,,,
Switzerland,CHE,Western Europe,0.3077407404695655,0.2583937872434015,0.1504114098319383,0.1199990410269288,97467.7447151829,2024.0,2024.0,107702.065940312,0.09301354655799865,0.02504300178689442,0.15232744924798616,0.006322423706055943
Chile,CHL,South America,0.4278650490220115,0.3194534763036823,0.199073151901314,0.1325969538342692,36070.892945837,2024.0,2024.0,16658.9652720351,0.1516582730158015,0.04481475119120076,0.279620574846728,0.038401355862019676
China,CHN,Eastern Asia,0.5142687171117994,0.2539614439931554,0.3228564719338243,0.0993396144773886,27139.5181633767,2024.0,2024.0,13293.1162269366,,,,
Côte d'Ivoire,CIV,Western Africa,0.777975193903885,0.2993175663202526,0.4953610978019196,0.0788303338445808,7680.36980823038,2024.0,2024.0,2727.8935220697,0.5187325675716649,0.002171632693420323,0.8146805868114381,0.008245655968140374
Cameroon,CMR,Middle Africa,0.614213868433294,0.3261039606695255,0.3355504204530114,0.099318161850576,5597.10321648993,2024.0,2024.0,1830.00833684727,,,,
DR Congo,COD,Middle Africa,0.7825980512044537,0.0975665435454579,0.69564389699825,0.0299568507934124,1823.27705135453,2024.0,2024.0,692.887665085098,0.8461742641165967,0.004935801253631439,0.9513795647820119,0.0029584872255693354
Congo Republic,COG,Middle Africa,0.6053395584621533,0.3534002162917518,0.2960832696176346,0.1061140811255461,7003.66225819816,2024.0,2024.0,2482.2489948456,,,,
Colombia,COL,South America,0.47434715213296,0.3070959087961354,0.2403398044775411,0.1189292151086661,22439.4001359818,2024.0,2024.0,7951.08624019412,0.27588820357401417,0.08458782018473493,0.48346327784317195,0.0950587246276932
Comoros,COM,Eastern Africa,0.5672691218039141,0.281889963291572,0.3798440331130708,0.124710998798799,4047.95264193561,2024.0,2024.0,1857.87060684189,,,,
Cabo Verde,CPV,Western Africa,0.5278197089539377,0.2894189502901681,0.3098077893746091,0.1152905024713627,11184.7207350908,2024.0,2024.0,5170.20531932535,,,,
Costa Rica,CRI,Central America,0.4399183450123365,0.3132889150264837,0.2199813560721598,0.1343740236301365,31552.1489834288,2024.0,2024.0,18853.2828705886,0.19338844947235176,0.05775046775885433,0.3435470594805672,0.06393648517105079
Cuba,CUB,Caribbean,0.4006999999999999,0.2999671364566612,0.1717440854523941,0.1097644546964981,,,2020.0,9605.27914559614,,,,
Curaçao,CUW,Caribbean,0.3827685485198029,0.249056154765952,0.2184885765149879,0.1095873240268811,32740.7736763943,2024.0,2024.0,22832.895498987,,,,
Cayman Islands,CYM,Caribbean,0.3827685485198029,0.249056154765952,0.2184885765149879,0.1095873240268811,92201.086358256,2024.0,2024.0,104292.900672109,,,,
Cyprus,CYP,Western Asia,0.2871999999999999,0.234931807664474,0.1126129820091185,0.0850725965592388,63006.765625,2024.0,2024.0,38674.3125,0.11205532203692227,0.055883579219903105,0.18093358967255063,0.015539820435693638
Czechia,CZE,Eastern Europe,0.3253260195708655,0.2767910079872875,0.1759851469740306,0.1477890269821246,57625.0961715706,2024.0,2024.0,31827.7552539413,0.047844723363188964,0.006911522276337743,0.07911697819525054,0.0018359065605312096
Germany,DEU,Western Europe,0.3042018957894866,0.2581274223443727,0.1506289781940945,0.1257683982485375,73957.0012170966,2024.0,2024.0,56103.7323182554,0.07295200957680055,0.03117502657080884,0.09712474991679543,0.0038546366130111096
Djibouti,DJI,Eastern Africa,0.4298711181723832,0.2545490235747468,0.2181975053914377,0.102154950993575,7821.62138070711,2024.0,2024.0,3552.72335079222,,,,
Dominica,DMA,Caribbean,0.8699712549514417,0.2033311780756395,0.7402612516759507,0.0981482873673887,21331.6193698018,2024.0,2024.0,10405.2787777582,,,,
Denmark,DNK,Northern Europe,0.3318629338207602,0.2816129440348115,0.1420015570312191,0.1143417240168674,80937.8001363997,2024.0,2024.0,71026.4832271897,0.11247417305978956,0.06909337637334635,0.13196357073407397,0.007614128667739531
Dominican Republic,DOM,Caribbean,0.4006999999999999,0.2999671364566612,0.1717440854523941,0.1097644546964981,27581.6606581871,2024.0,2024.0,10875.6618443092,0.17246646559957476,0.07174925642018162,0.2950918452914502,0.028200252332190066
Algeria,DZA,Northern Africa,0.4838999999999999,0.3148837548489769,0.2724293610947406,0.1459276048077068,17646.332598878,2024.0,2024.0,5752.99076651465,,,,
Ecuador,ECU,South America,0.588162900915861,0.2640082287607227,0.3775979320667689,0.1007194039889232,15848.3400023446,2024.0,2024.0,6826.5294137822,0.5045082559800824,0.1299700440733379,0.7366140460767375,0.1561175072694927
Egypt,EGY,Northern Africa,0.4849495038886,0.2756252636443685,0.2780822848001664,0.1143715989597189,19121.874936645,2024.0,2024.0,3338.47371043679,0.30995576823879917,0.01141594994193527,0.5307073083088942,0.0036191592679465008
Eritrea,ERI,Eastern Africa,0.5155870229693367,0.2522969946873517,0.2919365001270361,0.0935635298194799,,,,,,,,
Spain,ESP,Southern Europe,0.3763865880092133,0.3028479346995866,0.1643165199636007,0.1222326955433801,58063.7350840487,2024.0,2024.0,35326.7683069278,0.10994346813352747,0.039770853976546956,0.19251056912100778,0.0187833615820031
Estonia,EST,Northern Europe,0.2988989777365767,0.2486547539320991,0.1459511462412164,0.1178351726640639,50395.7686402966,2024.0,2024.0,31428.3547816104,0.08161303104098774,0.03711973420831681,0.10832113326543122,0.0054783336341926074
Ethiopia,ETH,Eastern Africa,0.8262729841143055,0.1878351974703857,0.6372802072924436,0.0572388581363986,3292.3093336937,2024.0,2024.0,1133.88279681256,0.727399489509931,0.16894856271368747,0.9225295539654168,0.3251945582003133
Finland,FIN,Northern Europe,0.3480010406799274,0.2894408718508745,0.1668378887562004,0.1309255150301028,65137.1816928289,2024.0,2024.0,53155.5451165897,0.09984452885741249,0.035311292602464205,0.14886438584951053,0.0023734962166180613
Fiji,FJI,Melanesia,0.5566999999999999,0.2739948725443717,0.3723946107772855,0.1165049115476029,15472.737444718,2024.0,2024.0,6425.74151715712,0.44244518508876646,0.015474536735941869,0.6614199760431659,0.03639283240788682
France,FRA,Western Europe,0.3701467074118042,0.3064033153432201,0.1796143242511039,0.1403761810297295,62524.5434134804,2024.0,2024.0,46103.0840855884,0.09585187090073527,0.02799675287997023,0.15410942282318113,0.0055515353352397654
Faroe Islands,FRO,Northern Europe,0.3222849967757124,0.2617676036950138,0.1520486595238551,0.1128499851664847,82089.2832575392,2024.0,2024.0,74175.2776311377,,,,
"Micronesia, Fed. Sts.",FSM,Micronesia,0.4336561828399343,0.2804211220242241,0.2410201021046369,0.116416221462222,4452.31995062055,2024.0,2024.0,4251.69052668788,,,,
Gabon,GAB,Middle Africa,0.5964652484910125,0.3806964719139781,0.2566161187822577,0.1129100004005161,21541.4112646776,2024.0,2024.0,8230.04311451151,0.22741053082013019,0.020453447358350745,0.5050725201305915,0.015532957983928166
United Kingdom,GBR,Northern Europe,0.2994040116934567,0.2518760477502855,0.132920873103946,0.1069607915053323,62839.4679324927,2024.0,2024.0,53341.3131094262,0.13704646646436316,0.0947395432599857,0.14101515427287295,0.014717704299231246
Georgia,GEO,Western Asia,0.5597999999999999,0.2127688293010724,0.4162491378224959,0.0951946791058932,27486.8762116648,2024.0,2024.0,8967.67525638987,0.5631302860834614,0.027384140802975285,0.7484779635140335,0.022474621927316335
Ghana,GHA,Western Africa,0.6838729878040671,0.248333126322839,0.4625833182280998,0.0750291796143781,8051.19381149848,2024.0,2024.0,2419.2518672482,0.5566086854720532,0.014744160838086993,0.8185127138667706,0.021886764393259386
Gibraltar,GIB,Southern Europe,0.2871999999999999,0.234931807664474,0.1126129820091185,0.0850725965592388,,,,,,,,
Guinea,GIN,Western Africa,0.7077707794758886,0.2767005678424011,0.4227975335625138,0.0589349254196437,4571.93087130821,2024.0,2024.0,1694.95375862185,0.5030585424174777,0.007722033555388381,0.838017407193351,0.00675740610202429
Gambia,GMB,Western Africa,0.7033000000000001,0.3748070697974995,0.347969775033746,0.1055198087231188,3480.66001035486,2024.0,2024.0,871.340287547821,0.3243441638289303,0.009130713594044855,0.6522125330019904,0.021429663270932896
Guinea-Bissau,GNB,Western Africa,0.7702773703130424,0.1987525899341601,0.6111017221753925,0.0778849594169068,3093.46533465682,2024.0,2024.0,998.376093392688,0.7301620992386738,0.18316306266134486,0.9169710109050737,0.4408984171845833
Equatorial Guinea,GNQ,Middle Africa,0.6096891627542552,0.3429452501628764,0.3078650782990148,0.1075519065782172,17072.4273818835,2024.0,2024.0,7003.58055684906,,,,
Greece,GRC,Southern Europe,0.439548046059345,0.3076859652524102,0.2104746111605045,0.1155762417631491,44170.9556658376,2024.0,2024.0,24626.1481858973,0.2106549909828911,0.03483410408255042,0.394983188648289,0.010892448877412553
Grenada,GRD,Caribbean,0.4595966627272687,0.2912025800905167,0.2457347493267185,0.1194350753002189,19903.184889337,2024.0,2024.0,11528.9220811928,0.25623919964264674,0.017031726461759877,0.4792430917415314,0.04152618212525471
Greenland,GRL,Northern America,0.3222849967757124,0.2617676036950138,0.1520486595238551,0.1128499851664847,78905.5801137274,2023.0,2023.0,58498.9707973609,,,,
Guatemala,GTM,Central America,0.6623541729439154,0.3887859279153263,0.3299653890080631,0.1209380634705562,14393.0528302577,2024.0,2024.0,6150.89465281457,0.32252216675944534,0.05655841020884466,0.6293830192194794,0.13262841562002708
Guam,GUM,Micronesia,0.405693757638192,0.2244306543076279,0.2471362422023541,0.0913479580216712,,,2022.0,41833.1517132825,,,,
Guyana,GUY,South America,0.5577639780262367,0.3759909197014213,0.2909381357412789,0.1660312792898947,80271.4254322872,2024.0,2024.0,29675.2501582835,0.19898128838964285,0.026296552486815485,0.3664052459258246,0.033149953361352416
Hong Kong,HKG,Eastern Asia,0.3659435936873028,0.2219045890323851,0.2097418542527571,0.0924700033775039,75341.6985534061,2024.0,2024.0,54274.7547767073,,,,
Honduras,HND,Central America,0.5870499025968495,0.3412766969115658,0.3125388214822973,0.1220282246989049,7502.56902428309,2024.0,2024.0,3415.96027916712,0.3499884191879339,0.09051468786849333,0.6269615706982746,0.17520304648306062
Croatia,HRV,Southern Europe,0.3377727664946621,0.2712897610976842,0.1742639922384475,0.1318422396941887,49550.8073348367,2024.0,2024.0,24049.9441746337,0.1003752283367081,0.016103300671594066,0.1793843055309633,0.013082812154933026
Haiti,HTI,Caribbean,0.5870499025968495,0.3412766969115658,0.3125388214822973,0.1220282246989049,3168.87908307377,2024.0,2024.0,2060.35591768638,,,,
Hungary,HUN,Eastern Europe,0.3303021114906426,0.2631392030790794,0.1735938436396553,0.1297494804814861,48540.1614792293,2024.0,2024.0,23305.4482514359,0.12548668168407628,0.04044479973311852,0.18690151093275764,0.01263240596459706
Indonesia,IDN,South-eastern Asia,0.6027050774044155,0.2891964611330595,0.348163693965423,0.0909900841643485,16472.4825935409,2024.0,2024.0,4925.43644992666,0.4223613011772767,0.04808177893178353,0.7182882907046815,0.10361221559259914
Isle of Man,IMN,Northern Europe,0.2994040116934567,0.2518760477502855,0.132920873103946,0.1069607915053323,,,2023.0,90015.2074234398,,,,
India,IND,Southern Asia,0.6181000000000001,0.2095764757605755,0.4609882265921404,0.0873300745242641,10718.5934040662,2024.0,2024.0,2591.9916607122,0.5958470779274145,0.05939043084923323,0.7957915683253709,0.12600816160511857
Ireland,IRL,Northern Europe,0.3181151439585166,0.2515707125662396,0.1454117969825346,0.1021237392234287,140779.203379453,2024.0,2024.0,112894.953240805,0.1732201698972014,0.07955576900137974,0.2502602823220456,0.012736897304794667
Iran,IRN,Southern Asia,0.4882404132399553,0.304960889350601,0.2810681713750059,0.1415978805037398,19902.7484779621,2024.0,2024.0,5190.16959024821,0.24458585003545694,0.017674695034103412,0.419705022298439,0.027819041803156665
Iraq,IRQ,Western Asia,0.5089697818155906,0.3680207677487198,0.2792188938271112,0.1791849857434061,14485.3248937523,2024.0,2024.0,6073.61032342708,0.16362984646309056,0.00749355816637577,0.29077662584033165,0.0037138468487066807
Iceland,ISL,Northern Europe,0.3222849967757124,0.2617676036950138,0.1520486595238551,0.1128499851664847,83561.4294628375,2024.0,2024.0,85863.1479330343,0.11463982296309473,0.02922518976639706,0.1972824251620359,0.006203290245210491
Israel,ISR,Western Asia,0.2597318401202997,0.2296232837612278,0.1177485575146867,0.1028293830614975,57277.8631217651,2024.0,2024.0,54216.5218142787,0.0439107033782845,0.018716250804715888,0.06234649751880356,0.0022745378998464323
Italy,ITA,Southern Europe,0.3359170769217655,0.2647266441283876,0.1531720912908753,0.112006007466705,62292.9012423008,2024.0,2024.0,40429.6224047352,0.10968516199541073,0.022453469496616293,0.21709302749919415,0.020994460115076635
Jamaica,JAM,Caribbean,0.3649725925069614,0.2874238921376795,0.1576080900279289,0.116574925491559,12908.9862451809,2024.0,2024.0,7753.8119527678,,,,
Jordan,JOR,Western Asia,0.4829000000000001,0.4133961575186846,0.1925477297545068,0.1587249265975669,11916.3623210714,2024.0,2024.0,5073.92103605892,0.049102765670872135,0.003564702619953864,0.12111763498917083,0.006822082056883643
Japan,JPN,Eastern Asia,0.3440063686133491,0.2757226534142469,0.1407600926412736,0.1020035653644592,54156.2687689605,2024.0,2024.0,33797.1014287876,0.07535244686371402,0.0,0.1841553321350676,0.0
Kazakhstan,KAZ,Central Asia,0.5597999999999999,0.2127688293010724,0.4162491378224959,0.0951946791058932,40950.3167392792,2024.0,2024.0,14154.6324958076,,,,
Kenya,KEN,Eastern Africa,0.6295506945430813,0.1954216735228336,0.513054845896546,0.0972177102170854,6649.67919174449,2024.0,2024.0,2133.46193404026,0.7016013534448712,0.1733297302117367,0.8609091657281588,0.3484178538416755
Kyrgyzstan,KGZ,Central Asia,0.5375,0.3278985221395367,0.3090055883941508,0.1403154162024926,8208.03081858011,2024.0,2024.0,2514.81066933171,0.295199094900432,0.03447471445271092,0.47863569991608657,0.0038185432845634104
Cambodia,KHM,South-eastern Asia,0.5805000000000001,0.2458109910013114,0.370011199927399,0.0765092030898363,7981.50816402382,2024.0,2024.0,2627.87969756224,0.5016283574646109,0.03962182032184408,0.7830563904555446,0.1082726223658194
Kiribati,KIR,Micronesia,0.6014999999999999,0.3540385780486709,0.3559993098144707,0.1421124139140642,3728.03970809328,2024.0,2024.0,2550.98377226188,0.4124767442303901,0.13021142704142669,0.6436479153752074,0.19092857344861963
St. Kitts and Nevis,KNA,Caribbean,0.8699712549514417,0.2033311780756395,0.7402612516759507,0.0981482873673887,34897.2104637487,2024.0,2024.0,23960.6534357084,,,,
South Korea,KOR,Eastern Asia,0.4291375428625743,0.2648420487037012,0.2318082822875489,0.1006715899209239,61051.3492502498,2024.0,2024.0,36238.639908315,,,,
Kuwait,KWT,Western Asia,0.3394119253646364,0.2762814377295813,0.1476512192107522,0.1159024937124508,53119.3783662664,2024.0,2024.0,32855.7209688827,,,,
Laos,LAO,South-eastern Asia,0.5696,0.1072867177911481,0.4694176965167524,0.0290552272044678,9790.02538664409,2024.0,2024.0,2123.97909415109,0.7590140176738094,0.0012073695584650184,0.9210014613319393,0.004458224201005069
Lebanon,LBN,Western Asia,0.3520833768831538,0.2817048426349473,0.1545801840686107,0.115668761307049,11917.4502960889,2024.0,2024.0,4473.27134441128,0.0908780216103605,0.024818641701252753,0.1709858718417882,0.012327601230888365
Liberia,LBR,Western Africa,0.8181537154802424,0.3754566443269116,0.4940213867667875,0.1177984610038953,1873.76133636244,2024.0,2024.0,851.497723870206,0.4469474953799316,0.01734596118390309,0.7353297409601777,0.03488603105712371
Libya,LBY,Northern Africa,0.4842498346295333,0.3017975911141075,0.2743136689965492,0.1354089361917108,14324.5818697336,2024.0,2024.0,6569.16408678648,,,,
St. Lucia,LCA,Caribbean,0.8699712549514417,0.2033311780756395,0.7402612516759507,0.0981482873673887,28116.7677870924,2024.0,2024.0,14493.658470648,,,,
Liechtenstein,LIE,Western Europe,0.2871999999999999,0.234931807664474,0.1126129820091185,0.0850725965592388,,,2024.0,220167.225473557,,,,
Sri Lanka,LKA,Southern Asia,0.4724158670313007,0.2330275836413049,0.3079491517941968,0.1049346484966548,15701.0907191253,2024.0,2024.0,4545.36006870612,0.43429304197997803,0.07576796954377117,0.6582320493262062,0.1447672849621824
Lesotho,LSO,Southern Africa,0.5701,0.1872305450199895,0.411564805720985,0.073416237231109,3070.79580931865,2024.0,2024.0,1023.04227681523,0.6104646300068295,0.09393941068149958,0.8383102547595929,0.19861326564585866
Lithuania,LTU,Northern Europe,0.3142890256024868,0.2432105507200732,0.1531652547260371,0.1080082981320006,55699.3734421294,2024.0,2024.0,29603.7772588256,0.1211296382093739,0.026863071013277135,0.2167959189217275,0.01545500211416457
Luxembourg,LUX,Western Europe,0.1974903505323324,0.1635573869937804,0.0913175820554293,0.0700502812302023,156079.3685607,2024.0,2024.0,137781.681659123,0.11830378699510662,0.0487160524810369,0.17257495870036862,0.00518401683676518
Latvia,LVA,Northern Europe,0.3227451018423932,0.2504428446952981,0.1668428545662848,0.1173487321094404,43873.3777849582,2024.0,2024.0,23578.9663562625,0.12662265078336699,0.02895945831667268,0.21220922803631861,0.015265969539809004
Macau,MAC,Eastern Asia,0.3659435936873028,0.2219045890323851,0.2097418542527571,0.0924700033775039,127144.298137913,2024.0,2024.0,72004.7437020733,,,,
Saint-Martin,MAF,Caribbean,0.8699712549514417,0.2033311780756395,0.7402612516759507,0.0981482873673887,,,2021.0,21668.3776525323,,,,
Morocco,MAR,Northern Africa,0.4842498346295333,0.3017975911141075,0.2743136689965492,0.1354089361917108,10430.2490234375,2024.0,2024.0,4153.1943359375,,,,
Monaco,MCO,Western Europe,0.2871999999999999,0.234931807664474,0.1126129820091185,0.0850725965592388,,,2024.0,288001.574856495,,,,
Moldova,MDA,Eastern Europe,0.4918184629548534,0.2224037012695405,0.3449047251618937,0.1005180705093394,18661.6606470212,2024.0,2024.0,7578.90216348853,,,,
Madagascar,MDG,Eastern Africa,0.8699712549514417,0.2033311780756395,0.7402612516759507,0.0981482873673887,1888.66403175151,2024.0,2024.0,550.37875528856,0.7628192740173325,0.13600623026471328,0.8964819374451212,0.28176046436587565
Maldives,MDV,Southern Asia,0.388231802169931,0.1827570852930888,0.2592893376171399,0.0743867723242185,26220.8078173473,2024.0,2024.0,13379.3513577224,0.46156270516767756,0.008530780166460871,0.6861349182555777,0.0036728055105139483
Mexico,MEX,Central America,0.601332853443646,0.4143979227698445,0.2623746574761033,0.1452798404576487,25820.3527960242,2024.0,2024.0,13988.0423745241,0.20895184562818356,0.0781003389149581,0.37928704043479256,0.04288493124472784
Marshall Islands,MHL,Micronesia,0.3827685485198029,0.249056154765952,0.2184885765149879,0.1095873240268811,8237.95897993999,2024.0,2024.0,7590.28443592202,0.2733141864773917,0.026247647645887016,0.451799241144992,0.005785676586826406
North Macedonia,MKD,Southern Europe,0.4574000000000003,0.3266851715281711,0.2380589019926791,0.145053979643503,26995.5213483235,2024.0,2024.0,9291.8566035502,0.19027287847480612,0.027414819167365437,0.3507670017022765,0.03742336185175848
Mali,MLI,Western Africa,0.777200549801882,0.1624907201824403,0.6193148529009779,0.0365130441933689,3321.57614442921,2024.0,2024.0,1093.2523323649,0.7429952972109815,0.004211385701569669,0.9314931066163459,0.0031625384285180707
Malta,MLT,Southern Europe,0.3289132847026537,0.2633829202708553,0.1469358507883735,0.1081803485479942,70062.9017440762,2024.0,2024.0,44023.6341078148,,,,
Myanmar,MMR,South-eastern Asia,0.7500000000000004,0.2843575029734525,0.4943383784204629,0.0865433563758088,6006.17514543646,2024.0,2024.0,1359.05001560107,0.538413903959184,0.04350299642171537,0.8150719388534031,0.13266548114809823
Montenegro,MNE,Southern Europe,0.3772548573322488,0.293449349453078,0.1761459108321469,0.1266184639182591,34062.8241865953,2024.0,2024.0,13270.1824401005,0.11699974412531045,0.03000137659909999,0.20634767908019266,0.007996168300800062
Mongolia,MNG,Eastern Asia,0.5593136231457427,0.2955756862232198,0.355859266886865,0.1268515634738199,19172.5295870282,2024.0,2024.0,6750.6301157724,0.38129212004322394,0.010790539875476023,0.5903245340430339,0.0
Northern Mariana Islands,MNP,Micronesia,0.405693757638192,0.2244306543076279,0.2471362422023541,0.0913479580216712,,,2022.0,23785.754590043,,,,
Mozambique,MOZ,Eastern Africa,0.8694974419891679,0.1463316384049584,0.7442434858580458,0.0469995433580281,1708.3035966667,2024.0,2024.0,656.976148587772,0.7964463956344299,0.008674629765368227,0.929946322949746,0.018463203926764458
Mauritania,MRT,Western Africa,0.6332789863508657,0.2958730455588337,0.3471997165889176,0.0815024103971723,7379.45422386145,2024.0,2024.0,2104.54260769051,,,,
Mauritius,MUS,Eastern Africa,0.388927323748299,0.2916278252960328,0.1786834885136044,0.1175288704066995,31696.7381226145,2024.0,2024.0,11990.9355434317,0.14512299262359632,0.028500952367068257,0.2804531683811868,0.016861594146362683
Malawi,MWI,Eastern Africa,0.5890993222227493,0.2198117485875924,0.366962085592611,0.0640735708439454,1860.31534523381,2024.0,2024.0,522.365366146003,0.529448446010232,0.090572627967784,0.8385666128053914,0.24555148039078253
Malaysia,MYS,South-eastern Asia,0.582730634123222,0.2736010990203159,0.3575431277633563,0.0980224311494051,38835.6013146653,2024.0,2024.0,11874.4273684245,,,,
Namibia,NAM,Southern Africa,0.4782858676601466,0.2535799226325485,0.2919358038031983,0.0929605444931041,11697.9201596588,2024.0,2024.0,4501.84849548225,0.4145298098046132,0.029864134277852727,0.6791347521287583,0.08146407597932798
New Caledonia,NCL,Melanesia,0.494687515276384,0.2106926753572065,0.3457000644202561,0.0851469895976218,,,2024.0,29213.1923192946,,,,
Niger,NER,Western Africa,0.6332789863508657,0.2958730455588337,0.3471997165889176,0.0815024103971723,2044.04904937758,2024.0,2024.0,729.856664168989,0.4112820268104405,0.022196180186770255,0.7364853331189312,0.022312043419487206
Nigeria,NGA,Western Africa,0.6319624883755754,0.2715114494250729,0.414484722123765,0.085726323300636,9099.86943863676,2024.0,2024.0,1084.16041805058,0.5423058899491537,0.09745167411616472,0.7688463463517702,0.028198221334999864
Nicaragua,NIC,Central America,0.5839013585135883,0.3512061725038302,0.2919260584094025,0.1167359967118636,8720.86923379042,2024.0,2024.0,2847.87639497305,,,,
Netherlands,NLD,Western Europe,0.2863268595320208,0.2412835449553584,0.1248385378702477,0.1011035725122018,85218.3689343246,2024.0,2024.0,67465.3208126875,0.07836963206749711,0.03427910528035424,0.11583914074541692,0.0028964591349505495
Norway,NOR,Northern Europe,0.3408624770317299,0.2958414909875722,0.1547435381889359,0.1289707514831847,105657.0339185,2024.0,2024.0,89888.9535204758,0.06957676935242098,0.020125904213654674,0.11534823748942803,0.0006773780618952147
Nepal,NPL,Southern Asia,0.5136999999999997,0.2667025315403364,0.2798275775035887,0.0804427578139533,5745.64525192255,2024.0,2024.0,1460.28237984149,0.3884541924024906,0.05838675554460493,0.6892815371583249,0.11067447061633653
Nauru,NRU,Polynesia,0.3895887967883812,0.3356052121588584,0.252341107201175,0.2167720491468548,13612.0368416276,2024.0,2024.0,14048.163961344,0.05384552135707996,0.0,0.0831319641520943,0.0
New Zealand,NZL,Australia and New Zealand,0.2496524683733548,0.2073364751850819,0.1165000247808423,0.0904455291115078,55793.9990422226,2024.0,2024.0,49432.3626396797,,,,
Oman,OMN,Western Asia,0.3394119253646364,0.2762814377295813,0.1476512192107522,0.1159024937124508,41800.7841364086,2024.0,2024.0,20285.2272765262,,,,
Pakistan,PAK,Southern Asia,0.6344679619624387,0.2658104833281216,0.4344956628128616,0.1096131704534906,6263.186935403,2024.0,2024.0,1479.47755241191,0.4929861036340906,0.033083444373923555,0.7166511604719755,0.06743586409336105
Panama,PAN,Central America,0.4597731904522805,0.2991576699411055,0.2918847139466951,0.1634530408830312,41429.5092511481,2024.0,2024.0,19161.218843129,0.2755325921884384,0.04152760212325225,0.41340528669162124,0.039200773021950804
Peru,PER,South America,0.5790884742255268,0.3016872913258464,0.3175078288116758,0.1106929771520338,17881.8685833242,2024.0,2024.0,8526.29665719783,0.4037974189634143,0.14856413626783108,0.6494135746488924,0.1551984158767375
Philippines,PHL,South-eastern Asia,0.5047,0.2773455746578082,0.2872368243324253,0.1082333708669774,11813.805926453,2024.0,2024.0,3985.29464669706,0.35438355808186484,0.07012136991322461,0.6035598223195626,0.1289350633394217
Palau,PLW,Micronesia,0.3167000000000001,0.2381686332580492,0.1485724199844521,0.0975489264457206,21059.1347141726,2024.0,2024.0,18169.0767165866,0.1581304567536211,0.03375800434020744,0.2982458701511024,0.023283626615168033
Papua New Guinea,PNG,Melanesia,0.6973269795361873,0.2232897643861264,0.448000521486979,0.0666320547003016,4886.53186994995,2024.0,2024.0,2912.4914068385,0.5479319134297637,0.03605435203841414,0.8528733513864132,0.12082124448903576
Poland,POL,Eastern Europe,0.3305658001427617,0.2401260505937896,0.181104340517588,0.112727510292173,51262.5105756884,2024.0,2024.0,25103.565661423,0.1861806986782884,0.019135949458154472,0.3163835986871434,0.0030916262404376924
Puerto Rico,PRI,Caribbean,0.3890747792915462,0.283247771007417,0.2008143974108556,0.1281724094498232,50332.9848222477,2024.0,2024.0,39353.2242360643,,,,
North Korea,PRK,Eastern Asia,0.6334332609073497,0.2227431411897482,0.4435257238350913,0.074761262374573,,,,,,,,
Portugal,PRT,Southern Europe,0.3215731256310762,0.268709456074252,0.1411555276051636,0.1126965291589655,52512.5651003677,2024.0,2024.0,29328.3067415343,0.08271115518164902,0.02897214979487303,0.13649166878828436,0.0040281581098332965
Paraguay,PRY,South America,0.5234294914085088,0.3064062338803381,0.2792054293535708,0.1118702214221278,18631.6436164051,2024.0,2024.0,6456.60723068562,,,,
Palestine,PSE,Western Asia,0.3934999999999999,0.2907196667802076,0.1780447962691058,0.1140378362915238,4770.6463157404,2024.0,2024.0,3028.25481286981,0.14643776730110974,0.039922148906470785,0.2737915163690133,0.023939836418886546
French Polynesia,PYF,Polynesia,0.494687515276384,0.2106926753572065,0.3457000644202561,0.0851469895976218,,,2024.0,22439.8838746025,,,,
Qatar,QAT,Western Asia,0.3394119253646364,0.2762814377295813,0.1476512192107522,0.1159024937124508,126712.582876079,2024.0,2024.0,75685.0865779973,,,,
Romania,ROU,Eastern Europe,0.4502501566849664,0.3136566512218217,0.2594437465273699,0.1551342822083989,49076.7137157187,2024.0,2024.0,20080.2096215595,0.1995767570393654,0.014752850211345092,0.3398510319201205,0.01895189384519925
Russia,RUS,Eastern Europe,0.3977,0.3281520972784755,0.21738054461424,0.1766253335017545,47686.06640625,2024.0,2024.0,14961.8974609375,0.05970515330638205,0.0072072287157929965,0.10063960672645911,0.002816245318855448
Rwanda,RWA,Eastern Africa,0.7071077011975518,0.206847862017225,0.5506025176369876,0.084552230501639,3784.9629495071,2024.0,2024.0,1059.93709298801,0.6926979681229247,0.17668643801588457,0.8883495756089697,0.42414797039282426
Saudi Arabia,SAU,Western Asia,0.3394119253646364,0.2762814377295813,0.1476512192107522,0.1159024937124508,71936.2510663399,2024.0,2024.0,35527.786181866,,,,
Sudan,SDN,Northern Africa,0.6870188325632437,0.2477929369125616,0.4394144895982329,0.0763806874712897,2118.88891601563,2024.0,2024.0,984.607666015625,0.530597900039641,0.05838242722621992,0.8188726922460451,0.1277879224852719
Senegal,SEN,Western Africa,0.6210926311685316,0.2077144242312482,0.4444682050186369,0.0647398928539583,5097.24318834766,2024.0,2024.0,1738.73223822106,0.6234423845577084,0.07839306690091237,0.853996231712387,0.1334891296390253
Singapore,SGP,South-eastern Asia,0.2176184702628061,0.1898477340716147,0.09662723657169,0.0856003922776193,153161.175431382,2024.0,2024.0,94896.5621495988,0.07020412075417662,0.07421182471075362,0.01298279086337847,0.00076780725362202
Solomon Islands,SLB,Melanesia,0.5998039139578878,0.2132827128453859,0.4126294196140226,0.0754944968262765,2679.1210283533,2024.0,2024.0,1933.55538435227,,,,
Sierra Leone,SLE,Western Africa,0.841864079269187,0.222100871354572,0.5966415865973294,0.0607927364280178,3527.42124292431,2024.0,2024.0,806.654650274255,0.6267970869959046,0.00752202187645065,0.8836378213618864,0.01986695889048349
El Salvador,SLV,Central America,0.5023,0.3235558926845985,0.2332739647378471,0.1072417019661297,13258.1805042704,2024.0,2024.0,5503.10317151907,0.2601081760704108,0.060718104889356,0.5203375344216105,0.09674001116792284
San Marino,SMR,Southern Europe,0.2871999999999999,0.234931807664474,0.1126129820091185,0.0850725965592388,78810.3378046111,2023.0,2023.0,59871.3288101478,,,,
Somalia,SOM,Eastern Africa,0.4298711181723832,0.2545490235747468,0.2181975053914377,0.102154950993575,1604.29116285918,2024.0,2024.0,629.538899449007,0.26748305908423387,0.07291036554587423,0.4793995864597523,0.08007261937984979
Serbia,SRB,Southern Europe,0.4577,0.265906064918178,0.2969515533535294,0.1300660593367189,32832.274492238,2024.0,2024.0,13677.7794863909,0.3480855571514791,0.01904781491909675,0.5245019931089865,0.011516083446895486
South Sudan,SSD,Eastern Africa,0.5744330046601012,0.2740850201230927,0.3195681083579769,0.0875329701083261,,,,,,,,
Sao Tome and Principe,STP,Middle Africa,0.6272626813096001,0.2947390622828993,0.3708958464971521,0.1036316382085896,6274.34741942922,2024.0,2024.0,3502.6176807171,0.4327080783154259,0.04806147205199173,0.6957784289764692,0.007770726968018557
Suriname,SUR,South America,0.4673100078660318,0.3334125755887226,0.2409893054811046,0.151732355184903,21832.187015648,2024.0,2024.0,6961.78956060258,0.1770695106630711,0.026407749555420988,0.3265789398542344,0.03137335651586659
Slovakia,SVK,Eastern Europe,0.3459845848721682,0.295943962534668,0.1690870189410484,0.1449629215731547,47846.6169154961,2024.0,2024.0,25992.6748502048,0.049505079095122986,0.02203544456706479,0.06508144140065392,0.002743387426988392
Slovenia,SVN,Southern Europe,0.3284275308896298,0.260007363649878,0.1651128696633749,0.1206096490683943,57570.5904042272,2024.0,2024.0,34301.0318686594,0.1271875660602469,0.038096161108786164,0.20019433362778352,0.009850331701111598
Sweden,SWE,Northern Europe,0.2929787179214566,0.25577613396454,0.1409375490908511,0.1178470185588246,71221.9379308266,2024.0,2024.0,57222.7100565003,0.09209401058940925,0.04473222922407276,0.11124093660512215,0.001169961439852616
Eswatini,SWZ,Southern Africa,0.5035990424910786,0.3201309434473163,0.2530057764359608,0.1229657927130665,11822.961305357,2024.0,2024.0,3909.55892378182,0.2517856922993042,0.03160512856201347,0.5011705082037028,0.0822812540064727
Sint Maarten,SXM,Caribbean,0.5451694506636825,0.2338144958691812,0.3924128015686421,0.1057743118070503,53846.7442635227,2024.0,2024.0,41472.5870367865,,,,
Seychelles,SYC,Eastern Africa,0.4429087867120017,0.3507108865030436,0.2205873591496571,0.1584558386223089,33339.491987317,2024.0,2024.0,18364.5259678223,0.13001624144421048,0.02795377793833786,0.22691792362834237,0.014348376352812189
Syria,SYR,Western Asia,0.4479843862329148,0.3543739226341172,0.2087822692167429,0.1511928912160074,4905.15252202552,2022.0,2022.0,1056.78264718197,,,,
Turks and Caicos Islands,TCA,Caribbean,0.3827685485198029,0.249056154765952,0.2184885765149879,0.1095873240268811,38009.5079479808,2024.0,2024.0,37506.7798431288,,,,
Chad,TCD,Middle Africa,0.6136636591206108,0.2886103704135867,0.3379891805119373,0.0835125969675569,2766.98134913811,2024.0,2024.0,980.668312111718,,,,
Taiwan,TWN,Eastern Asia,0.3796958350544088,0.2541564303834444,0.1941034097271932,0.0983817195542957,,,,,,,,
Togo,TGO,Western Africa,0.6347000000000004,0.2538008367394075,0.3857054260677399,0.0575088404968173,3814.83532681353,2024.0,2024.0,1266.08777721447,0.5010838778991221,0.0003116112865521058,0.8245617401470449,0.0013752182200360075
Thailand,THA,South-eastern Asia,0.5647870422432014,0.2550216331232441,0.3576445927565872,0.0943920057404244,24909.2266037939,2024.0,2024.0,7386.63615126055,0.45436397563300757,0.02942990888918948,0.7083338912029665,0.04468772063743014
Tajikistan,TJK,Central Asia,0.5083903844148249,0.3048842757533833,0.289746851277342,0.1347855275877076,5413.83109811464,2024.0,2024.0,1362.02559981695,0.3116126483004951,0.08164360318236157,0.5356092827327872,0.16071517723433168
Turkmenistan,TKM,Central Asia,0.5597999999999999,0.2127688293010724,0.4162491378224959,0.0951946791058932,21025.8403822415,2024.0,2024.0,5904.25772576512,,,,
Timor-Leste,TLS,South-eastern Asia,0.6608999999999999,0.2484950298722926,0.4375294792686676,0.0846210161521359,4429.20182282365,2024.0,2024.0,1331.9705130185,0.5172529204286554,0.003103303980789813,0.7813243936904691,0.009113050758250722
Tonga,TON,Polynesia,0.382,0.1823366262092381,0.2445767496509404,0.0630319888468984,8174.34840883872,2024.0,2024.0,6215.38990974121,0.4788140159877005,0.043019751340741014,0.725211858081977,0.0366017527408557
Trinidad and Tobago,TTO,Caribbean,0.3424785549153967,0.263161750943466,0.152950388257943,0.1044892619748794,36381.2720794439,2024.0,2024.0,18733.4110406494,0.1098102893338431,0.007184168589702756,0.24588148898630305,0.018093709816744158
Tunisia,TUN,Northern Africa,0.4838999999999999,0.3148837548489769,0.2724293610947406,0.1459276048077068,14542.0966234293,2024.0,2024.0,4187.64079392362,0.23808733431257448,0.03426835082088838,0.4142870513628862,0.05786460093585892
Türkiye,TUR,Western Asia,0.4716,0.2984892278709974,0.2684069438549908,0.1272547806703947,45122.9317187258,2024.0,2024.0,15892.7157287241,0.3112727185072826,0.06750367888984546,0.4920949581871027,0.0427065350870651
Tuvalu,TUV,Polynesia,0.5097271870643301,0.3742944093041758,0.2647599059834988,0.1781544885437052,6365.76616505123,2024.0,2024.0,5883.50257114002,0.12498297032016022,0.014334739501918017,0.23294315875159935,0.018704012455543286
Tanzania,TZA,Eastern Africa,0.7472851893096514,0.180939064621359,0.6256018062648154,0.0756038657126644,4226.92626953125,2024.0,2024.0,1192.60668945313,0.750648472928357,0.0908698836510041,0.896654198533148,0.21747448487029175
Uganda,UGA,Eastern Africa,0.7326,0.1611981849374097,0.5974685858934132,0.0529318337747077,3278.02086557843,2024.0,2024.0,1077.91278438613,0.7429954580180114,0.048644207681610915,0.907247078919431,0.10531497479659759
Ukraine,UKR,Eastern Europe,0.3472509028289896,0.2444831449719923,0.2060557576919445,0.1257221434092219,18636.13671875,2024.0,2024.0,5391.62255859375,0.22129707417713793,0.045044521165441186,0.3729359939376701,0.08759496059845841
Uruguay,URY,South America,0.4287999999999999,0.3134022457137714,0.2026670894866044,0.1246220814264517,36596.7847357669,2024.0,2024.0,24308.4954958447,0.17129960238646133,0.03318784690340505,0.3358681243601171,0.04026005186703841
United States,USA,Northern America,0.2958,0.2502131744669096,0.1380332968702421,0.1157215559901134,86169.6641581914,2024.0,2024.0,86169.6641581917,0.07779300029301513,0.054397815663920865,0.07683281328494973,0.010416098970375763
Uzbekistan,UZB,Central Asia,0.5523666666666666,0.2511453935805605,0.3805012880130475,0.1102349248047597,12518.4323028403,2024.0,2024.0,3337.45492058664,,,,
St. Vincent and the Grenadines,VCT,Caribbean,0.8699712549514417,0.2033311780756395,0.7402612516759507,0.0981482873673887,21302.9730252553,2024.0,2024.0,11501.2265187188,,,,
Venezuela,VEN,South America,0.5471995090914493,0.2909304762942348,0.3118151884519952,0.110113865416541,,,2024.0,4244.45723136019,,,,
British Virgin Islands,VGB,Caribbean,0.3827685485198029,0.249056154765952,0.2184885765149879,0.1095873240268811,,,,,,,,
United States Virgin Islands,VIR,Caribbean,0.3827685485198029,0.249056154765952,0.2184885765149879,0.1095873240268811,49785.1412220186,2022.0,2022.0,44320.909185774,,,,
Vietnam,VNM,South-eastern Asia,0.580699782722049,0.276585202804644,0.3668210965680586,0.1086852035434423,16387.9087954113,2024.0,2024.0,4716.6599379632,0.45960034591611143,0.08779028158679811,0.7195160936646083,0.19621212092951154
Vanuatu,VUT,Melanesia,0.5453847623374763,0.1425635016056597,0.4174931265778033,0.043346524230925,4367.82503750089,2024.0,2024.0,3959.87703462363,0.6860519926538075,0.04889609271434033,0.8914379809028199,0.11483562092191106
Samoa,WSM,Polynesia,0.494687515276384,0.2106926753572065,0.3457000644202561,0.0851469895976218,8750.62541028446,2024.0,2024.0,5392.87761915762,0.5424713445861278,0.08535973867092982,0.740044224749934,0.06417380511198723
Kosovo,XKX,Southern Europe,0.4049999999999998,0.3197377137973953,0.1659068029352713,0.1217827563096142,17890.3600994298,2024.0,2024.0,7026.6988128325,0.08804451985290904,0.013803739065803908,0.194991946051981,0.009082039456611651
Yemen,YEM,Western Asia,0.5441589912349879,0.2515463183915534,0.3165161650389023,0.0906997227614482,,,2018.0,633.887202451545,,,,
South Africa,ZAF,Southern Africa,0.3768786024885172,0.2780093061751164,0.1829063294882753,0.1125463917102211,15478.6456794969,2024.0,2024.0,6267.186814093,0.17434034594395134,0.036610472083542886,0.3592283882167831,0.09043428037120171
Zambia,ZMB,Eastern Africa,0.6202000000000001,0.1559626962690259,0.4886975131160353,0.0503758162990226,4221.01397093025,2024.0,2024.0,1187.10943350064,0.7104186480091208,0.053292222435323486,0.8935038416355825,0.0866101811027637
Zimbabwe,ZWE,Eastern Africa,0.7031277844170509,0.2028041721214602,0.5130589988228412,0.0783603504745056,5932.87021993648,2024.0,2024.0,2496.15514995576,0.6166629164436835,0.044826460574074356,0.8426152027658698,0.09966105729911946
