Country Name,Country Code,Labour Force (2024),Region,%ECW ILO,%ECW Poll,%Critical Workers,%Vital Workers,%Armed Forces (ECW ILO),%Armed Forces (Critical),ECW ILO,ECW Poll,Critical Workers,Vital Workers,Armed Forces (ECW ILO),Armed Forces (Critical)
Aruba,ABW,55826.0,Caribbean,0.2064262068979088,0.08738290113748153,0.4208660792951542,0.23980418521330676,,,11523.949426282657,4878.237838901044,23495.269742731278,13387.308443718064,,
Afghanistan,AFG,9130000.0,Southern Asia,0.1889364977063365,0.07963279553388097,0.6870961770298332,0.5305221135688375,0.019308301584197045,0.019308301584197045,1724990.2240588523,727047.4232243333,6273188.096282377,4843666.896883487,176284.79346371902,176284.79346371902
Angola,AGO,16000000.0,Middle Africa,0.20263429367681032,0.05365563463228893,0.7340598076473476,0.5318121418635481,0.004677742411593453,0.004677742411593453,3242148.698828965,858490.1541166229,11744956.922357561,8508994.26981677,74843.87858549526,74843.87858549526
Albania,ALB,1370000.0,Southern Europe,0.21948135451896839,0.10518557786221779,0.5527696375763103,0.3809943707315411,0.0016668227362112557,0.0016668227362112557,300689.4556909867,144104.24167123836,757294.403479545,521962.28790221125,2283.54714860942,2283.54714860942
Andorra,AND,50504.0,Southern Europe,0.18869289336722966,0.05917547567553361,0.3172035822338537,0.12288107335826012,,,9529.745886618566,2988.5982235171496,16020.049717138547,6205.985728885569,,
United Arab Emirates,ARE,7090000.0,Western Asia,0.16864565464668235,0.0588441947540936,0.33506856366192467,0.14575047379265446,0.0024120422460671424,0.0024120422460671424,1195697.691444978,417205.3408065236,2375636.1163630458,1033370.8591899201,17101.37952461604,17101.37952461604
Argentina,ARG,22300000.0,South America,0.23612572730595055,0.0654599286792387,0.3878826632213965,0.13632851171056354,0.0,0.0,5265603.718922697,1459756.4095470228,8649783.389837142,3040125.811145567,0.0,0.0
Armenia,ARM,1510000.0,Western Asia,0.19684786423710599,0.09630181534686824,0.5709919916475485,0.421731747584878,,,297240.27499803004,145415.74117377104,862197.9073877983,636814.9388531658,,
American Samoa,ASM,55958.0,Polynesia,0.19278808840522443,0.0792547380391027,0.5547869765691164,0.38797545228052294,,,10788.03585097955,4434.9366311921085,31044.769634854612,21710.3303587135,,
Antigua and Barbuda,ATG,46540.0,Caribbean,0.1788193580665751,0.11797794981775042,0.7571440188840576,0.6647373316068305,,,8322.252924418404,5490.693784518105,35237.48263886404,30936.875412981888,,
Australia,AUS,14900000.0,Australia and New Zealand,0.1930889269622391,0.07614824531898746,0.3189302845797494,0.1488313831379022,0.0001574261217391232,0.0001574261217391232,2877025.0117373625,1134608.8552529132,4752061.240238266,2217587.608754743,2345.649213912936,2345.649213912936
Austria,AUT,4770000.0,Western Europe,0.1956372898445983,0.07681905675884713,0.323835431068731,0.15069768855434784,0.0008899379858483443,0.0008899379858483443,933189.8725587339,366426.9007397008,1544695.0061978467,718827.9744042392,4245.004192496603,4245.004192496603
Azerbaijan,AZE,5020000.0,Western Asia,0.17421437395524356,0.0874180528315187,0.5892143457187867,0.462469124438215,,,874556.1572553227,438838.62521422387,2957856.0155083095,2321595.004679839,,
Burundi,BDI,6110000.0,Eastern Africa,0.0538190826438934,0.018304548440935264,0.8336938175005955,0.7806109080596907,0.00011700439674907038,0.00011700439674907038,328834.5949541887,111840.79097411447,5093869.224928638,4769532.64824471,714.89686413682,714.89686413682
Belgium,BEL,5420000.0,Western Europe,0.17565705839356427,0.06976824615386058,0.29183902339590073,0.13084726734072408,0.0014992308755490018,0.0014992308755490018,952061.2564931184,378143.89415392437,1581767.506805782,709192.1889867245,8125.83134547559,8125.83134547559
Benin,BEN,6400000.0,Western Africa,0.3168214124389649,0.11671661175161072,0.7150792249605556,0.45094235377032366,0.0005400879589659506,0.0005400879589659506,2027657.0396093752,746986.3152103085,4576507.039747556,2886031.0641300716,3456.5629373820834,3456.5629373820834
Burkina Faso,BFA,6460000.0,Western Africa,0.16007559582914552,0.03633575357837437,0.7055540029851933,0.541176344166479,0.0009081508378370626,0.0009081508378370626,1034088.34905628,234728.9681162984,4557878.859284349,3495999.183315454,5866.654412427424,5866.654412427424
Bangladesh,BGD,77400000.0,Southern Asia,0.2666247822440737,0.15342333914895537,0.6597799990932908,0.49245952267327026,0.0008428845627005914,0.0008428845627005914,20636758.145691305,11874966.450129146,51066971.92982071,38116367.054911114,65239.26515302578,65239.26515302578
Bulgaria,BGR,3120000.0,Eastern Europe,0.21318984652584794,0.08237237886688521,0.39736889857696284,0.19617140047951087,0.0028679033172368212,0.0028679033172368212,665152.3211606456,257001.82206468185,1239790.9635601242,612054.769496074,8947.858349778882,8947.858349778882
Bahrain,BHR,913000.0,Western Asia,0.16864565464668235,0.0588441947540936,0.33506856366192467,0.14575047379265446,,,153973.48269242098,53724.74981048746,305917.5986233372,133070.18257269353,,
Bahamas,BHS,237000.0,Caribbean,0.22348618515662752,0.07722442318504884,0.392279910091092,0.16759507373792584,0.0003880279190819827,0.0003880279190819827,52966.22588212072,18302.188294856576,92970.3386915888,39720.03247588842,91.96261682242991,91.96261682242991
Bosnia and Herzegovina,BIH,1360000.0,Southern Europe,0.202866541381199,0.08274627921647557,0.4778004734697288,0.2961568285167674,0.0027450202116214213,0.0027450202116214213,275898.4962784306,112534.93973440677,649808.6439188311,402773.28678280365,3733.227487805133,3733.227487805133
Belarus,BLR,4820000.0,Eastern Europe,0.1855160415508998,0.08629324450604066,0.36950570659697735,0.20872340356316157,0.0,0.0,894187.320275337,415933.43851911597,1781017.5057974309,1006046.8051744387,0.0,0.0
Belize,BLZ,190000.0,Central America,0.2641175791414139,0.09496230072902404,0.5330817307029515,0.2806080925697787,0.003195610516012518,0.003195610516012518,50182.34003686865,18042.837138514566,101285.52883356079,53315.537588257954,607.1659980423784,607.1659980423784
Bermuda,BMU,52878.0,Northern America,0.2064262068979088,0.08738290113748153,0.4208660792951542,0.23980418521330676,,,10915.404968347622,4620.633046347748,22254.556540969163,12680.365705709235,,
Bolivia,BOL,6860000.0,South America,0.284796347285643,0.11886173528204372,0.5805463021239649,0.3390360263795438,0.0004433980641830095,0.0004433980641830095,1953702.9423795112,815391.5040348199,3982547.632570399,2325787.1409636703,3041.7107202954453,3041.7107202954453
Brazil,BRA,107000000.0,South America,0.24514413703907204,0.08256811420864353,0.4429947921354658,0.1997249715842671,0.0032534230929677508,0.0032534230929677508,26230422.66318071,8834788.220324857,47400442.75849484,21370571.95951658,348116.2709475493,348116.2709475493
Barbados,BRB,147000.0,Caribbean,0.20353939038998584,0.0718130983714926,0.3602027890151239,0.15435146766829735,0.0,0.0,29920.290387327917,10556.525460609413,52949.80998522322,22689.665747239713,0.0,0.0
Brunei Darussalam,BRN,234000.0,South-eastern Asia,0.20801299570967016,0.0734978091715343,0.3450460834794293,0.14413403138075437,0.011115252412307947,0.011115252412307947,48675.04099606282,17198.487346139027,80740.78353418646,33727.36334309652,2600.96906448006,2600.96906448006
Bhutan,BTN,406000.0,Southern Asia,0.20315609909333113,0.14719093726749816,0.5570313960878089,0.46606729653987505,0.003569658975850406,0.003569658975850406,82481.37623189244,59759.52053060425,226154.74681165043,189223.32239518926,1449.2815441952648,1449.2815441952648
Botswana,BWA,1170000.0,Southern Africa,0.20424798687215628,0.0738904013081284,0.5263684727296976,0.3172497085430563,0.0017921896952541696,0.0017921896952541696,238970.14464042286,86451.76953051024,615851.1130937461,371182.15899537585,2096.8619434473785,2096.8619434473785
Central African Republic,CAF,2000000.0,Middle Africa,0.2792993859283398,0.0819042829942353,0.6082089110098626,0.3354773926231176,,,558598.7718566796,163808.5659884706,1216417.8220197253,670954.7852462352,,
Canada,CAN,22900000.0,Northern America,0.18931258219764338,0.07795968330816772,0.30895534445856676,0.144290904802498,,,4335258.132326033,1785276.7477570407,7075077.388101179,3304261.719977204,,
Switzerland,CHE,5150000.0,Western Europe,0.17193331717062033,0.07600949905810768,0.27438590646012023,0.13593792963325074,0.00039553012399594546,0.00039553012399594546,885456.5834286946,391448.92014925455,1413087.418269619,700080.3376112413,2036.980138579119,2036.980138579119
Chile,CHL,10100000.0,South America,0.23059649222772255,0.07964975962666865,0.4243890584826698,0.19745587469153125,0.0009729429882350458,0.0009729429882350458,2329024.5714999977,804462.5722293534,4286329.490674965,1994304.3343844656,9826.724181173962,9826.724181173962
China,CHN,774000000.0,Eastern Asia,0.22270260822475352,0.09905189121235465,0.5094610250487245,0.3236021774740255,,,172371818.76595923,76666163.7983625,394322833.3877128,250468085.36489573,,
Cote d'Ivoire,CIV,12600000.0,Western Africa,0.33444705319733853,0.1510662693860414,0.6892245844513786,0.4460525076747063,0.0006237098793041533,0.0006237098793041533,4214032.870286466,1903434.9942641216,8684229.76408737,5620261.596701299,7858.744479232332,7858.744479232332
Cameroon,CMR,11100000.0,Middle Africa,0.08084520213547523,0.032449494779228455,0.46669493588410405,0.3901573878270969,,,897381.7437037751,360189.3920494359,5180313.788313555,4330747.004880776,,
DR Congo,COD,38500000.0,Middle Africa,0.19740055653147293,0.1331199201406746,0.7693945290181995,0.684377008354475,0.00013624679457154064,0.00013624679457154064,7599921.426461708,5125116.925415972,29621689.36720068,26348514.821647286,5245.501591004315,5245.501591004315
Congo Republic,COG,2560000.0,Middle Africa,0.08084520213547523,0.032449494779228455,0.46669493588410405,0.3901573878270969,,,206963.7174668166,83070.70663482485,1194739.0358633064,998802.9128373681,,
Colombia,COL,26800000.0,South America,0.23159596505608268,0.07778712611388444,0.4725546037572512,0.23846438486332278,0.0003842152925309264,0.0003842152925309264,6206771.863503016,2084694.979852103,12664463.380694333,6390845.514337051,10296.969839828827,10296.969839828827
Comoros,COM,276000.0,Eastern Africa,0.20250461367974626,0.09476883438757859,0.5179662791698879,0.3490714788460209,,,55891.27337560997,26156.19829097169,142958.69305088907,96343.72816150177,,
Cabo Verde,CPV,224000.0,Western Africa,0.233439165247752,0.08675201474451537,0.4820077634204467,0.2567095628395511,,,52290.37301549644,19432.451302771442,107969.73900618007,57502.942076059444,,
Costa Rica,CRI,2360000.0,Central America,0.2227352609694259,0.07610415064542457,0.4363672122218532,0.21214916105081885,0.0,0.0,525655.2158878451,179605.795523202,1029826.6208435736,500672.02007993247,0.0,0.0
Cuba,CUB,4860000.0,Caribbean,0.19358543949811483,0.05809263984798944,0.3592090075563047,0.15473126526384515,,,940825.235960838,282330.22966122866,1745755.7767236407,751993.9491822874,,
Curacao,CUW,71999.0,Caribbean,0.2064262068979088,0.08738290113748153,0.4208660792951542,0.23980418521330676,,,14862.480470442535,6291.481498997532,30301.936843171807,17265.661531172875,,
Cayman Islands,CYM,60828.0,Caribbean,0.2064262068979088,0.08738290113748153,0.4208660792951542,0.23980418521330676,,,12556.493313185996,5315.327110390726,25600.441871365638,14586.808978155024,,
Cyprus,CYP,772000.0,Western Asia,0.18869289336722966,0.05917547567553361,0.3172035822338537,0.12288107335826012,0.006390178444920446,0.006390178444920446,145670.9136795013,45683.46722151195,244881.16548453504,94864.18863257681,4933.217759478584,4933.217759478584
Czechia,CZE,5540000.0,Eastern Europe,0.18112473119121408,0.08166255217842279,0.3335509529434407,0.1771003442264095,0.0007216975185571741,0.0007216975185571741,1003431.010799326,452410.53906846227,1847872.2793066616,981135.9070143086,3998.2042528067445,3998.2042528067445
Germany,DEU,43800000.0,Western Europe,0.18813693068021642,0.08278939645026999,0.30162425109648,0.14842882747103767,0.0016255104595590821,0.0016255104595590821,8240397.563793479,3626175.5645218254,13211142.198025825,6501182.64323145,71197.3581286878,71197.3581286878
Djibouti,DJI,265000.0,Eastern Africa,0.17514228191559797,0.07090672304804518,0.4288968792794462,0.21780780983426298,,,46412.704707633464,18790.281607731973,113657.67300905324,57719.06960607969,,
Dominica,DMA,32630.0,Caribbean,0.1788193580665751,0.11797794981775041,0.7571440188840576,0.6647373316068305,,,5834.875653712345,3849.620502553196,24705.609336186797,21690.37913033088,,
Denmark,DNK,3210000.0,Northern Europe,0.20508814339129314,0.07820010083244817,0.32802497352954324,0.14344995031721403,0.0015834221205196992,0.0015834221205196992,658332.940286051,251022.32367215864,1052960.1650298338,460474.340518257,5082.785006868235,5082.785006868235
Dominican Republic,DOM,5410000.0,Caribbean,0.19358543949811483,0.05809263984798944,0.3592090075563047,0.15473126526384515,0.0027222353845053606,0.0027222353845053606,1047297.2276848012,314281.18157762283,1943320.7308796083,837096.1450774022,14727.293430174,14727.293430174
Algeria,DZA,13300000.0,Northern Africa,0.22014597492927301,0.10137870349721445,0.46507412784650753,0.27251183378451704,,,2927941.466559331,1348336.7565129523,6185485.90035855,3624407.3893340765,,
Ecuador,ECU,8820000.0,South America,0.2545232797355807,0.10696139471359066,0.6165362287961816,0.3926277308411505,0.0014475211109973266,0.0014475211109973266,2244895.327267822,943399.5013738696,5437849.537982322,3462976.5860189474,12767.13619899642,12767.13619899642
Egypt,EGY,33700000.0,Northern Africa,0.235382219863608,0.10171246234552214,0.4957770370165395,0.2850844044041341,0.0,0.0,7932380.809403589,3427709.9810440964,16707686.147457382,9607344.428419318,0.0,0.0
Eritrea,ERI,1710000.0,Eastern Africa,0.19405852930827736,0.07245321336830514,0.494145592226368,0.27837826284844974,,,331840.0851171543,123894.9948598018,844988.9627070893,476026.8294708491,,
Spain,ESP,24400000.0,Southern Europe,0.218132468913886,0.07624306977049422,0.37278180988325776,0.16411194703534604,0.002099007062814893,0.002099007062814893,5322432.241498819,1860330.902400059,9095876.16115149,4004331.5076624434,51215.77233268339,51215.77233268339
Estonia,EST,756000.0,Northern Europe,0.15992540978829942,0.06634077626850572,0.2975607349132358,0.14687889332301315,0.0017257118204116852,0.0017257118204116852,120903.60979995436,50153.62685899033,224955.91559440628,111040.44335219795,1304.638136231234,1304.638136231234
Ethiopia,ETH,54500000.0,Eastern Africa,0.16261293145512887,0.06313655322154206,0.7573645602442277,0.5990853794748883,0.0007550391439340811,0.0007550391439340811,8862404.764304522,3440942.1505740425,41276368.53331041,32650153.18138141,41149.63334440742,41149.63334440742
Finland,FIN,2900000.0,Northern Europe,0.1980867668869457,0.08193242578992191,0.3352987145952879,0.1623787845655676,0.0011166660749988104,0.0011166660749988104,574451.6239721426,237604.03479077353,972366.2723263348,470898.47524014604,3238.3316174965503,3238.3316174965503
Fiji,FJI,388000.0,Melanesia,0.1867008070799935,0.09044003271832919,0.48417517552657974,0.334704458665755,0.0,0.0,72439.91314703749,35090.732694711725,187859.96810431292,129865.32996231294,0.0,0.0
France,FRA,31700000.0,Western Europe,0.18438664763995033,0.08006203176168063,0.31390008987154067,0.15570685547768087,0.0027165249848164915,0.0027165249848164915,5845056.730186425,2537966.406845276,9950632.848927839,4935907.318642484,86113.84201868279,86113.84201868279
Faroe Islands,FRO,32200.0,Northern Europe,0.19295344806437884,0.07551162008521906,0.31986844028451716,0.15116346167516256,,,6213.1010276729985,2431.4741667440535,10299.763777161452,4867.4634659402345,,
"Micronesia, Fed. Sts.",FSM,14500.0,Micronesia,0.20886371279024651,0.08150779329936464,0.43256440138331814,0.23754469867880626,,,3028.5238354585745,1181.8630028407872,6272.183820058113,3444.398130842691,,
Gabon,GAB,824000.0,Middle Africa,0.14173974790614277,0.04305256470575869,0.6003773717657258,0.46098476484532247,,,116793.55227466165,35475.31331754516,494710.95433495805,379851.4462325457,,
United Kingdom,GBR,35400000.0,Northern Europe,0.18244938301326194,0.0696737152468,0.2963924653102963,0.13229389437403988,0.0010241260675180547,0.0010241260675180547,6458708.158669473,2466449.51973672,10492293.271984488,4683203.860841012,36254.062790139134,36254.062790139134
Georgia,GEO,1830000.0,Western Asia,0.17421437395524356,0.0874180528315187,0.5892143457187867,0.462469124438215,0.0024528182367675273,0.0024528182367675273,318812.3043380957,159975.03668167922,1078262.2526653798,846318.4977219334,4488.6573732845745,4488.6573732845745
Ghana,GHA,13900000.0,Western Africa,0.24505318593104192,0.09271098231156782,0.6630858465827645,0.4521405413661039,0.0,0.0,3406239.2844414827,1288682.6541307927,9216893.267500427,6284753.524988844,0.0,0.0
Gibraltar,GIB,27000.0,Southern Europe,0.18869289336722966,0.05917547567553361,0.3172035822338537,0.12288107335826012,,,5094.708120915201,1597.7378432394075,8564.49672031405,3317.788980673023,,
Guinea,GIN,4530000.0,Western Africa,0.27344679072102546,0.055639812944508406,0.7077707794758886,0.4227975335625138,0.004082322446408544,0.004082322446408544,1238713.9619662454,252048.35263862307,3206201.6310257753,1915272.8270381875,18492.920682230706,18492.920682230706
Gambia,GMB,783000.0,Western Africa,0.2977477668636774,0.08423849192993038,0.6370985920917082,0.3364454688551598,0.0014037362362282052,0.0014037362362282052,233136.50145425939,65958.73918113549,498848.19760780747,263436.8021135901,1099.1254729666846,1099.1254729666846
Guinea-Bissau,GNB,845000.0,Western Africa,0.17640589060090708,0.05795415126655638,0.7700467814066183,0.6109187838167426,0.004018428102012306,0.004018428102012306,149062.97755776648,48971.257820240135,650689.5302885924,516226.3723251475,3395.5717462003986,3395.5717462003986
Equatorial Guinea,GNQ,715000.0,Middle Africa,0.17020655212268934,0.055304438309726235,0.5340825209778701,0.3641065234672587,,,121697.68476772288,39542.67339145426,381869.0024991771,260336.16427908998,,
Greece,GRC,4650000.0,Southern Europe,0.2326352277876698,0.08621950389026464,0.41551551839078554,0.21151724694767834,0.0,0.0,1081753.8092126646,400920.6930897306,1932147.1605171529,983555.1983067043,0.0,0.0
Grenada,GRD,58405.654584,Caribbean,0.15099601841106094,0.057639105643631984,0.3022223262926504,0.15781635174574568,0.0035859696071872315,0.0035859696071872315,8819.02129487573,3366.449694752655,17651.49279702148,9217.367327769069,209.4409022260996,209.4409022260996
Greenland,GRL,28992.0,Northern America,0.19295344806437884,0.07551162008521906,0.31986844028451716,0.15116346167516256,,,5594.106366282471,2189.2328895106707,9273.625820728721,4382.531080886313,,
Guatemala,GTM,7580000.0,Central America,0.26512478622510444,0.08527234095151502,0.6061982627428264,0.3416752684018262,0.00044999323188213343,0.00044999323188213343,2009645.8795862917,646364.3444124839,4594982.8315906245,2589898.5344858426,3410.9486976665717,3410.9486976665717
Guam,GUM,77700.0,Micronesia,0.18952477359336578,0.07427614366857585,0.45547129305954237,0.27759779050945155,,,14726.07490820452,5771.256363048344,35390.119470726444,21569.348322584385,,
Guyana,GUY,292000.0,South America,0.24744341044868542,0.08811503083001987,0.5179227294167399,0.2723780530771378,0.0028431085520965486,0.0028431085520965486,72253.47585101615,25729.589002365803,151233.43698968805,79534.39149852424,830.1876972121922,830.1876972121922
Hong Kong,HKG,3840000.0,Eastern Asia,0.1263577169266969,0.05509502938407907,0.28018306048714453,0.1731137645922616,,,485213.6329985161,211564.91283486364,1075902.952270635,664756.8560342846,,
Honduras,HND,4300000.0,Central America,0.2716330497638068,0.09168002178526838,0.5537336988764378,0.2946374840709262,0.0011682747767080492,0.0011682747767080492,1168022.1139843692,394224.09367665404,2381054.9051686823,1266941.1815049828,5023.581539844611,5023.581539844611
Croatia,HRV,1730000.0,Southern Europe,0.19431295716283645,0.08000117956920273,0.3466148689695366,0.17739062282570534,0.0029006479908333,0.0029006479908333,336161.41589170706,138402.04065472074,599643.7233172983,306885.77748847025,5018.121024141609,5018.121024141609
Haiti,HTI,5280000.0,Caribbean,0.2716330497638068,0.09168002178526838,0.5537336988764378,0.2946374840709262,,,1434222.5027529,484070.51502621704,2923713.9300675914,1555685.9158944904,,
Hungary,HUN,4950000.0,Eastern Europe,0.18311847304130846,0.07916300354185599,0.33821084768948306,0.17702831548505843,0.002002675186845944,0.002002675186845944,906436.4415544769,391856.86753218714,1674143.696062941,876290.1616510393,9913.242174887422,9913.242174887422
Indonesia,IDN,143000000.0,South-eastern Asia,0.2874253221915798,0.10656318581801659,0.6027050774044155,0.34816369396542307,0.0015511620867556734,0.0015511620867556734,41101821.07339591,15238535.571976373,86186826.06883141,49787408.2370555,221816.17840606128,221816.17840606128
Isle of Man,IMN,36555.0,Northern Europe,0.18244938301326194,0.0696737152468,0.2963924653102963,0.13229389437403988,,,6669.43719604979,2546.922660846774,10834.62656941788,4836.003308843027,,
India,IND,608000000.0,Southern Asia,0.23458167377396041,0.13610796921788898,0.6211408359605536,0.46981047658671155,0.0,0.0,142625657.65456793,82753645.2844765,377653628.26401657,285644769.7647206,0.0,0.0
Ireland,IRL,2860000.0,Northern Europe,0.1990911590951894,0.07663758936236982,0.3252046468477114,0.15190874393257456,0.0012339592445958386,0.0012339592445958386,569400.7150122417,219183.50557637768,930085.2899844545,434459.00764716323,3529.1234395440983,3529.1234395440983
Iran,IRN,28600000.0,Southern Asia,0.2254618731746456,0.09378437013989317,0.481953993104399,0.2784028105479926,0.0075150371179613104,0.0075150371179613104,6448209.572794865,2682232.986000945,13783884.202785812,7962320.381672588,214930.06157369347,214930.06157369347
Iraq,IRQ,12000000.0,Western Asia,0.25004324824316726,0.10799955583491533,0.4965198560767438,0.27238891173931407,0.020433985356144123,0.020433985356144123,3000518.978918007,1295994.670018984,5958238.272920926,3268666.9408717686,245207.82427372946,245207.82427372946
Iceland,ISL,248000.0,Northern Europe,0.19295344806437884,0.07551162008521906,0.31986844028451716,0.15116346167516256,0.0,0.0,47852.455119965955,18726.881781134325,79327.37319056026,37488.53849544031,0.0,0.0
Israel,ISR,4710000.0,Western Asia,0.1599548643732628,0.06253250517756098,0.25939770822310704,0.1182437137809096,0.0,0.0,753387.4111980678,294528.09938631224,1221763.205730834,556927.8919080843,0.0,0.0
Italy,ITA,25800000.0,Southern Europe,0.19639851249865567,0.07557354619672364,0.33860840700786987,0.15628137131299907,0.0037532399881984473,0.0037532399881984473,5067081.622465316,1949797.49187547,8736096.900803043,4032059.379875376,96833.59169551994,96833.59169551994
Jamaica,JAM,1570000.0,Caribbean,0.19387157644361805,0.06697528829317329,0.35257651122808875,0.15178508907815488,,,304378.37501648034,105151.20262028206,553545.1226280993,238302.58985270315,,
Jordan,JOR,3080000.0,Western Asia,0.23736294250229228,0.08224470645134584,0.42497486461540035,0.17856009139876608,0.0,0.0,731077.8629070602,253313.69587014517,1308922.583015433,549965.0815081996,0.0,0.0
Japan,JPN,69400000.0,Eastern Asia,0.201371482889493,0.06933157250761034,0.33880407250162425,0.1385768614957702,0.0,0.0,13975180.912530813,4811611.132028158,23513002.63161272,9617234.187806452,0.0,0.0
Kazakhstan,KAZ,10300000.0,Central Asia,0.17421437395524356,0.0874180528315187,0.5892143457187867,0.462469124438215,,,1794408.0517390086,900405.9441646426,6068907.760903503,4763431.981713614,,
Kenya,KEN,23800000.0,Eastern Africa,0.20317116391383114,0.12607908631648265,0.5663286428278869,0.4419747134722703,0.001729370901772382,0.001729370901772382,4835473.701149181,3000682.2543322872,13478621.699303707,10518998.180640033,41159.02746218269,41159.02746218269
Kyrgyz Republic,KGZ,3200000.0,Central Asia,0.23721433146133106,0.10425634009210653,0.518347158281542,0.3014753836327672,0.0006614677299125091,0.0006614677299125091,759085.8606762594,333620.2882947409,1658710.9065009344,964721.2276248551,2116.696735720029,2116.696735720029
Cambodia,KHM,9900000.0,South-eastern Asia,0.2585278071865792,0.09983997057560426,0.623880051933681,0.3977017768559798,0.002251265824536358,0.002251265824536358,2559425.291147134,988415.7086984821,6176412.514143442,3937247.5908741998,22287.531662909947,22287.531662909947
Kiribati,KIR,40794.0,Micronesia,0.23390347269132367,0.08784292946256342,0.5206715153048318,0.3056097820847319,0.0,0.0,9541.858264969858,3583.464464495812,21240.273795345307,12467.045450364552,0.0,0.0
St. Kitts and Nevis,KNA,21848.0,Caribbean,0.1788193580665751,0.11797794981775042,0.7571440188840576,0.6647373316068305,,,3906.8453350385325,2577.582247618211,16542.08252457889,14523.181220946031,,
South Korea,KOR,29700000.0,Eastern Asia,0.21203704555712327,0.0841917318599825,0.42413254877517437,0.23108951948489784,,,6297500.253046561,2500494.43624148,12596736.69862268,6863358.728701466,,
Kuwait,KWT,3000000.0,Western Asia,0.16864565464668235,0.0588441947540936,0.33506856366192467,0.14575047379265446,,,505936.9639400471,176532.5842622808,1005205.690985774,437251.4213779634,,
Laos,LAO,3580000.0,South-eastern Asia,0.21983536313791102,0.12422534713550146,0.7572656641953959,0.6289629698183722,0.013373527930809367,0.013373527930809367,787010.6000337214,444726.7427450952,2711011.0778195173,2251687.4319497724,47877.229992297536,47877.229992297536
Lebanon,LBN,1940000.0,Western Asia,0.23030687084862278,0.07717795022851559,0.4171767925729211,0.18330020275200623,0.017840541040505926,0.017840541040505926,446795.3294463282,149725.22344332025,809322.977591467,355602.3933388921,34610.6496185815,34610.6496185815
Liberia,LBR,2610000.0,Western Africa,0.1569582732859543,0.04942645935426638,0.4029219975959124,0.25899708736479365,0.0015978293638830268,0.0015978293638830268,409661.0932763407,129003.05891463524,1051626.4137253314,675982.3980221114,4170.3346397347,4170.3346397347
Libya,LBY,2580000.0,Northern Africa,0.225224723240718,0.10148995644665033,0.4753084309031849,0.27670269065772274,,,581079.7859610524,261844.08763235787,1226295.7517302171,713892.9418969246,,
St. Lucia,LCA,102000.0,Caribbean,0.1788193580665751,0.11797794981775042,0.7571440188840576,0.6647373316068305,,,18239.57452279066,12033.750881410542,77228.68992617387,67803.20782389671,,
Liechtenstein,LIE,20786.0,Western Europe,0.18869289336722966,0.05917547567553361,0.3172035822338537,0.12288107335826012,,,3922.170481531236,1230.0214373916417,6593.393660312883,2554.2059908247948,,
Sri Lanka,LKA,8500000.0,Southern Asia,0.20277600030443094,0.09919438273252446,0.5075121398828705,0.33575365036688937,0.002264139550017054,0.002264139550017054,1723596.002587663,843152.2532264579,4313853.189004399,2853906.0281185596,19245.18617514496,19245.18617514496
Lesotho,LSO,884000.0,Southern Africa,0.18247209135118847,0.05921965806384217,0.5879508522841712,0.38680444908369405,0.0015778334846508286,0.0015778334846508286,161305.3287544506,52350.17772843648,519748.55341920734,341935.1329899855,1394.8048004313325,1394.8048004313325
Lithuania,LTU,1550000.0,Northern Europe,0.16776655963333711,0.06871866317506388,0.3190086468909774,0.16111874115336963,0.0012984561750223442,0.0012984561750223442,260038.16743167254,106513.92792134901,494463.40268101497,249734.04878772292,2012.6070712846335,2012.6070712846335
Luxembourg,LUX,350000.0,Western Europe,0.11480779320421969,0.045596353789140086,0.199830320701521,0.09182598941103652,0.0007385740174882889,0.0007385740174882889,40182.72762147689,15958.72382619903,69940.61224553235,32139.09629386278,258.5009061209011,258.5009061209011
Latvia,LVA,955000.0,Northern Europe,0.1663999872453142,0.06770571028781278,0.31925043067459424,0.1627755507867006,0.0038939950532822856,0.0038939950532822856,158911.98781927506,64658.9533248612,304884.1612942375,155450.6510012991,3718.765275884583,3718.765275884583
Macau,MAC,382000.0,Eastern Asia,0.12635771692669692,0.055095029384079064,0.28018306048714453,0.1731137645922616,,,48268.647865998224,21046.3012247182,107029.92910608921,66129.45807424393,,
Saint-Martin,MAF,,Caribbean,0.1788193580665751,0.11797794981775042,0.7571440188840576,0.6647373316068305,,,,,,,,
Morocco,MAR,12500000.0,Northern Africa,0.225224723240718,0.10148995644665033,0.4753084309031849,0.27670269065772274,,,2815309.040508975,1268624.455583129,5941355.386289812,3458783.633221534,,
Monaco,MCO,78364.0,Western Europe,0.18869289336722966,0.05917547567553361,0.3172035822338537,0.12288107335826012,,,14786.729895829585,4637.226975837516,24857.34151817371,9629.452432646696,,
Moldova,MDA,1360000.0,Eastern Europe,0.19389088119558537,0.09035042891389235,0.5138905235695364,0.3591961912191031,,,263691.5984259961,122876.5833228936,698891.1120545694,488506.82005798025,,
Madagascar,MDG,16500000.0,Eastern Africa,0.1788193580665751,0.11797794981775042,0.7571440188840576,0.6647373316068305,0.0007194904678203184,0.0007194904678203184,2950519.408098489,1946636.171992882,12492876.31158695,10968165.971512703,11871.592719035254,11871.592719035254
Maldives,MDV,270000.0,Southern Asia,0.15558994472500337,0.060832664400942066,0.4228552942091751,0.28257302834008513,0.005116049894971604,0.005116049894971604,42009.28507575091,16424.819388254356,114170.92943647728,76294.71765182298,1381.333471642333,1381.333471642333
Mexico,MEX,61000000.0,Central America,0.24816430818311866,0.07181189133481626,0.4754807939929704,0.21251913635724215,0.0005475013556775773,0.0005475013556775773,15138022.799170239,4380525.371423792,29004328.433571193,12963667.317791771,33397.58269633221,33397.58269633221
Marshall Islands,MHL,13860.0,Micronesia,0.2064262068979088,0.08738290113748153,0.4208660792951542,0.23980418521330676,0.004453344012815379,0.004453344012815379,2861.067227605016,1211.127009765494,5833.203859030837,3323.6860070564317,61.72334801762115,61.72334801762115
North Macedonia,MKD,779000.0,Southern Europe,0.21705799770562967,0.0897367067570105,0.40237066922184683,0.21205444801153717,0.004527279669747772,0.004527279669747772,169088.18021268552,69904.89456371118,313446.7513238187,165190.41500098744,3526.7508627335146,3526.7508627335146
Mali,MLI,9130000.0,Western Africa,0.24000108792917876,0.12139523277045279,0.7776703257050324,0.6210932678078949,0.0007238840172324238,0.0007238840172324238,2191209.932793402,1108338.475194234,7100130.073686945,5670581.53508608,6609.061077332029,6609.061077332029
Malta,MLT,318000.0,Southern Europe,0.2025128443760762,0.07200218673481253,0.34875062927892814,0.15938809674452062,,,64399.08451159223,22896.695381670383,110902.70011069915,50685.41476475756,,
Myanmar,MMR,22700000.0,South-eastern Asia,0.2913385063964983,0.13550477407779174,0.6975397704690575,0.47145714900309355,0.00023030581154941893,0.00023030581154941893,6613384.095200511,3075958.3715658723,15834152.789647605,10702077.282370223,5227.94192217181,5227.94192217181
Montenegro,MNE,245000.0,Southern Europe,0.22589219169662003,0.08131946444368489,0.40917986531841344,0.20411975520013922,0.001812523806443731,0.001812523806443731,55343.58696567191,19923.268788702797,100249.0670030113,50009.34002403411,444.0683325787141,444.0683325787141
Mongolia,MNG,1450000.0,Eastern Asia,0.22826465827475456,0.12364599296911151,0.5235659912543082,0.3625322051908895,0.0021703284189429255,0.0021703284189429255,330983.7544983941,179286.6898052117,759170.6873187469,525671.6975267899,3146.976207467242,3146.976207467242
Northern Mariana Islands,MNP,23002.0,Micronesia,0.18952477359336575,0.07427614366857584,0.4554712930595424,0.27759779050945155,,,4359.448842194599,1708.4998566645813,10476.750682955595,6385.304377298405,,
Mozambique,MOZ,15200000.0,Eastern Africa,0.09981769014538448,0.02720913445712453,0.7993590126554769,0.6981204786302798,0.0005035785088555537,0.0005035785088555537,1517228.890209844,413578.8437482928,12150256.99236325,10611431.275180254,7654.393334604416,7654.393334604416
Mauritania,MRT,1210000.0,Western Africa,0.2792993859283398,0.0819042829942353,0.6082089110098626,0.3354773926231176,,,337952.25697329117,99104.18242302471,735932.7823219338,405927.6450739723,,
Mauritius,MUS,595000.0,Eastern Africa,0.2097781757370597,0.07507595440177592,0.3928817558076716,0.17987979194327577,0.0,0.0,124818.01456355052,44670.19286905667,233764.6447055646,107028.47620624909,0.0,0.0
Malawi,MWI,8600000.0,Eastern Africa,0.16741387071783195,0.08951231531993283,0.7390007217988787,0.6234395849297405,,,1439759.2881733547,769805.9117514223,6355406.2074703565,5361580.430395768,,
Malaysia,MYS,18300000.0,South-eastern Asia,0.2630820047544236,0.10691272242894312,0.5840421811717001,0.35949608792536253,,,4814400.687005952,1956502.8204496591,10687971.915442113,6578778.409034134,,
Namibia,NAM,1130000.0,Southern Africa,0.18959789756092169,0.08547495755752413,0.4369084434740257,0.2638543147319709,0.008284904636978493,0.008284904636978493,214245.6242438415,96586.70204000226,493706.541125649,298155.3756471271,9361.942239785698,9361.942239785698
New Caledonia,NCL,131000.0,Melanesia,0.19278808840522443,0.0792547380391027,0.5547869765691164,0.38797545228052294,,,25255.2395810844,10382.370683122454,72677.09393055424,50824.7842487485,,
Niger,NER,10500000.0,Western Africa,0.2792993859283398,0.0819042829942353,0.6082089110098626,0.3354773926231176,0.0017281958521605976,0.0017281958521605976,2932643.552247568,859994.9714394707,6386193.565603558,3522512.6225427347,18146.056447686275,18146.056447686275
Nigeria,NGA,113000000.0,Western Africa,0.08084520213547523,0.032449494779228455,0.46669493588410405,0.3901573878270969,0.00208369048677556,0.00208369048677556,9135507.841308702,3666792.9100528155,52736527.754903756,44087784.82446195,235457.02500563828,235457.02500563828
Nicaragua,NIC,3220000.0,Central America,0.277458920593942,0.0891563443464809,0.5697602637191305,0.29706582682301946,,,893417.7243124932,287083.4287956685,1834628.0491756,956551.9623701227,,
Netherlands,NLD,10300000.0,Western Europe,0.18585654596314938,0.06993439772645818,0.2896668677796554,0.12543253956334685,0.0011183844250253231,0.0011183844250253231,1914322.4234204385,720324.2965825193,2983568.7381304507,1291955.1575024726,11519.359577760828,11519.359577760828
Norway,NOR,3040000.0,Northern Europe,0.21349459538158896,0.0866605503157476,0.32839238909861024,0.14935104452941697,0.0013795497961730046,0.0013795497961730046,649023.5699600305,263448.0729598727,998312.8628597751,454027.1753694276,4193.831380365934,4193.831380365934
Nepal,NPL,8440000.0,Southern Asia,0.26898308231817936,0.0885857106885286,0.5690117702610505,0.31013031616126274,0.0010104553497235604,0.0010104553497235604,2270217.2147654337,747663.3982111813,4802459.341003266,2617499.8684010576,8528.24315166685,8528.24315166685
Nauru,NRU,8000.0,Polynesia,0.09874769556259484,0.06033935440086423,0.18266928780049427,0.11617531662291335,0.0,0.0,789.9815645007587,482.71483520691385,1461.354302403954,929.4025329833067,0.0,0.0
New Zealand,NZL,3120000.0,Australia and New Zealand,0.1930889269622391,0.07614824531898746,0.3189302845797494,0.1488313831379022,,,602437.452122186,237582.5253952409,995062.4878888183,464353.9153902549,,
Oman,OMN,2700000.0,Western Asia,0.16864565464668235,0.0588441947540936,0.33506856366192467,0.14575047379265446,,,455343.26754604233,158879.32583605274,904685.1218871966,393526.27924016706,,
Pakistan,PAK,83600000.0,Southern Asia,0.2594242536043772,0.13969364381247537,0.6193484827954322,0.4398528531848539,0.0014300677423046708,0.0014300677423046708,21687867.601325933,11678388.62272294,51777533.16169813,36771698.52625378,119553.66325667048,119553.66325667048
Panama,PAN,2210000.0,Central America,0.19619718321011012,0.09867758205370561,0.5055913188455071,0.3337821841782038,0.0,0.0,433595.77489434334,218077.4563386894,1117356.8146485707,737658.6270338305,0.0,0.0
Peru,PER,18900000.0,South America,0.26608754029094606,0.09159955967037468,0.5821640881928191,0.31485686055353823,0.0028325547475367393,0.0028325547475367393,5029054.511498881,1731231.6777700814,11002901.26684428,5950794.664461873,53535.28472844437,53535.28472844437
Philippines,PHL,51000000.0,South-eastern Asia,0.25972541388339654,0.09891564605809233,0.5602304985086453,0.32514203852689666,0.0007745968804595014,0.0007745968804595014,13245996.108053224,5044697.948962709,28571755.42394091,16582243.964871729,39504.44090343457,39504.44090343457
Palau,PLW,8000.0,Micronesia,0.1862614587815071,0.069297549298049,0.3561556095499684,0.1672201287383801,0.0,0.0,1490.0916702520567,554.380394384392,2849.244876399747,1337.761029907041,0.0,0.0
Papua New Guinea,PNG,3660000.0,Melanesia,0.2814957943242202,0.10378657681221659,0.696883799466598,0.44782324945914337,0.0006470206135348975,0.0006470206135348975,1030274.607226646,379858.8711327127,2550594.7060477487,1639033.0930204648,2368.0954455377246,2368.0954455377246
Poland,POL,18200000.0,Eastern Europe,0.17804281829574073,0.0788987642814871,0.33341885308901104,0.18458642896665536,0.003520322382365434,0.003520322382365434,3240379.2929824814,1435957.509923065,6068223.126220001,3359473.0071931276,64069.86735905089,64069.86735905089
Puerto Rico,PRI,1150000.0,Caribbean,0.18155263781265632,0.07251373788995244,0.3878048882172154,0.20632533302820003,,,208785.53348455476,83390.79857344531,445975.62144979776,237274.13298243002,,
North Korea,PRK,17600000.0,Eastern Asia,0.2477761791817388,0.11714875104161927,0.6744145337828162,0.48761310438702016,,,4360860.7535986025,2061818.0183324993,11869695.794577565,8581990.637211556,,
Portugal,PRT,5460000.0,Southern Europe,0.20215221446520296,0.07641225991394272,0.36472593976571416,0.17631914861471865,0.0017518678810753943,0.0017518678810753943,1103751.0909800082,417210.93913012726,1991403.6311207993,962702.5514363638,9565.198630671654,9565.198630671654
Paraguay,PRY,3500000.0,South America,0.2611947922031321,0.09735882447785871,0.5318087585076736,0.2861374784413477,,,914181.7727109622,340755.8856725055,1861330.6547768577,1001481.1745447168,,
Palestine,PSE,,Western Asia,0.24101511180592153,0.07674264423897857,0.44578811967301213,0.20297461259480112,0.020723291666727678,0.020723291666727678,,,,,,
French Polynesia,PYF,119000.0,Polynesia,0.19278808840522443,0.0792547380391027,0.5547869765691164,0.38797545228052294,,,22941.782520221706,9431.31382665322,66019.65021172485,46169.07882138223,,
Qatar,QAT,2120000.0,Western Asia,0.16864565464668235,0.0588441947540936,0.33506856366192467,0.14575047379265446,,,357528.78785096656,124749.69287867844,710345.3549632803,308991.00444042747,,
Romania,ROU,8260000.0,Eastern Europe,0.2233996532407479,0.10081550644194327,0.5137935870660304,0.3239697998527077,0.002469555428570538,0.002469555428570538,1845281.1357685777,832736.0832104514,4243935.029165411,2675990.5467833653,20398.527839992643,20398.527839992643
Russia,RUS,72500000.0,Eastern Europe,0.19324979403408826,0.08765502444765481,0.36309728431560273,0.197718527277739,0.0,0.0,14010610.0674714,6354989.272454974,26324553.1128812,14334593.227636078,0.0,0.0
Rwanda,RWA,5670000.0,Eastern Africa,0.23447926838235275,0.07886555735296594,0.7454613562625271,0.5055541848231894,0.0023713221295027266,0.0023713221295027266,1329497.45172794,447167.71019131684,4226765.890008529,2866492.227947484,13445.39647428046,13445.39647428046
Saudi Arabia,SAU,17200000.0,Western Asia,0.16864565464668235,0.0588441947540936,0.33506856366192467,0.14575047379265446,,,2900705.2599229366,1012120.1497704099,5763179.294985104,2506908.149233657,,
Sudan,SDN,13060000.0,Northern Africa,0.23189102409363607,0.07554619400882506,0.6246430181202116,0.3995191688768233,0.01181727393784675,0.01181727393784675,3028496.774662887,986633.2937552553,8157837.816649964,5217720.345531313,154333.59762827854,154333.59762827854
Senegal,SEN,5760000.0,Western Africa,0.3141684824377172,0.09991995928104029,0.6606757144222857,0.363741389350521,0.000886539389385726,0.000886539389385726,1809610.4588412512,575538.965458792,3805492.1150723654,2095150.402659001,5106.466882861781,5106.466882861781
Singapore,SGP,3720000.0,South-eastern Asia,0.0300128256286403,0.01113816755580349,0.05090509592556456,0.022625351710497725,0.0,0.0,111647.7113385419,41433.98330758898,189366.95684310017,84166.30836305153,0.0,0.0
Solomon Islands,SLB,436000.0,Melanesia,0.21881817311135768,0.09388162368823834,0.5888064403267256,0.4061972299145698,,,95404.72347655195,40932.38792807192,256719.60798245235,177101.99224275243,,
Sierra Leone,SLE,2860000.0,Western Africa,0.28488630947597066,0.0921529654793884,0.7503795336812766,0.48200809412803836,0.0020850138076132733,0.0020850138076132733,814774.8451012761,263557.4812710508,2146085.466328451,1378543.1492061897,5963.139489773962,5963.139489773962
El Salvador,SLV,2890000.0,Central America,0.2956189257929147,0.09051667030265932,0.5493488295381272,0.25488472799630585,0.002086537482607663,0.002086537482607663,854338.6955415235,261593.17717468544,1587618.1173651877,736616.8639093239,6030.093324736145,6030.093324736145
San Marino,SMR,15554.0,Southern Europe,0.1886928933672297,0.05917547567553361,0.3172035822338537,0.12288107335826011,,,2934.929263433891,920.4153486572499,4933.78451806536,1911.2922150143777,,
Somalia,SOM,3440000.0,Eastern Africa,0.17514228191559797,0.07090672304804518,0.4288968792794462,0.21780780983426298,0.009212866590812803,0.009212866590812803,602489.449789657,243919.12728527543,1475405.2647212949,749258.8658298646,31692.261072396042,31692.261072396042
Serbia,SRB,3230000.0,Southern Europe,0.1976050622151877,0.09616306858679319,0.4401028435988393,0.29020365747847443,0.0020985488552079977,0.0020985488552079977,638264.3509550563,310606.711535342,1421532.1848242509,937357.8136554724,6778.312802321832,6778.312802321832
South Sudan,SSD,5303000.0,Eastern Africa,0.2366789576183086,0.07717874818127021,0.5511772516181153,0.30692782773578364,,,1255108.5122498905,409278.9016052759,2922892.9653308652,1627638.2704828607,,
Sao Tome and Principe,STP,34500.0,Middle Africa,0.28803470632645,0.09041125544419157,0.5351752552837805,0.24117741772935664,0.0024317264307765376,0.0024317264307765376,9937.197368262525,3119.188312824609,18463.546307290428,8320.620911662803,83.89456186179055,83.89456186179055
Suriname,SUR,255000.0,South America,0.21672243539518649,0.08721015239675677,0.42979760229016084,0.22638191530118643,0.0034542205070618565,0.0034542205070618565,55264.22102577255,22238.588861172975,109598.388583991,57727.38840180254,880.8262293007734,880.8262293007734
Slovakia,SVK,2780000.0,Eastern Europe,0.19668289427394273,0.08230963011479162,0.3352312642335407,0.1635564630562627,0.0021884488228751543,0.0021884488228751543,546778.4460815608,228820.7717191207,931942.9145692432,454686.9672964103,6083.887727592929,6083.887727592929
Slovenia,SVN,1060000.0,Southern Europe,0.18268235123207402,0.07721461049214334,0.32920813737827037,0.1667525254495652,0.0029266665655937785,0.0029266665655937785,193643.29230599848,81847.48712167195,348960.6256209666,176757.6769765391,3102.266559529405,3102.266559529405
Sweden,SWE,5700000.0,Northern Europe,0.18402684732487928,0.07880389013043343,0.29255271274491307,0.14034441719362817,0.0013583918649419638,0.0013583918649419638,1048953.0297518119,449182.1737434706,1667550.4626460045,799963.1780036805,7742.833630169193,7742.833630169193
Eswatini,SWZ,391000.0,Southern Africa,0.263521080506311,0.09220020616707153,0.5715759141299551,0.31549205632600735,0.0016207614369324996,0.0016207614369324996,103036.74247796761,36050.28061132497,223486.18242481246,123357.39402346888,633.7177218406074,633.7177218406074
Sint Maarten,SXM,23200.0,Caribbean,0.1972239239541309,0.09758125069757116,0.5329587258247886,0.38144856734448135,,,4575.595035735837,2263.885016183651,12364.642439135097,8849.606762391968,,
Seychelles,SYC,100000.0,Eastern Africa,0.21891630723560399,0.09125259894320942,0.40387306281793434,0.2025973129879565,0.0028628889151780437,0.0028628889151780437,21891.6307235604,9125.259894320941,40387.30628179343,20259.73129879565,286.28889151780436,286.28889151780436
Syria,SYR,6620000.0,Western Asia,0.23923768719802743,0.08914073750492559,0.4462238377550218,0.21141640196336212,,,1583753.4892509417,590111.6822826074,2954001.8059382443,1399576.5809974573,,
Turks and Caicos Islands,TCA,,Caribbean,0.2064262068979088,0.08738290113748153,0.4208660792951542,0.23980418521330676,,,,,,,,
Chad,TCD,6600000.0,Middle Africa,0.26509257649166273,0.08032910472324693,0.5891983578792802,0.3259608709940063,,,1749611.004844974,530172.0911734297,3888709.1620032494,2151341.7485604417,,
Togo,TGO,3340000.0,Western Africa,0.3148679459563282,0.09295600621855257,0.7281133279491921,0.43345452952154256,0.0012816118894204004,0.0012816118894204004,1051658.9394941363,310473.0607699656,2431898.5153503018,1447738.1286019522,4280.5837106641375,4280.5837106641375
Thailand,THA,40600000.0,South-eastern Asia,0.26966602406088397,0.12245884955724816,0.5809832994266897,0.3679053754710697,0.0006640848680504757,0.0006640848680504757,10948440.576871889,4971829.292024275,23587921.9567236,14936958.244125431,26961.845642849312,26961.845642849312
Tajikistan,TJK,2780000.0,Central Asia,0.2005383916054909,0.07784866038285274,0.5077094681664397,0.2893587767877344,0.0012961328214093966,0.0012961328214093966,557496.7286632647,216419.27586433062,1411432.3215027023,804417.3994699017,3603.2492435181225,3603.2492435181225
Turkmenistan,TKM,2440000.0,Central Asia,0.17421437395524356,0.0874180528315187,0.5892143457187867,0.462469124438215,,,425083.0724507943,213300.04890890562,1437683.0035538396,1128424.6636292445,,
Timor-Leste,TLS,616000.0,South-eastern Asia,0.20258835265773323,0.09136926811398001,0.6760733176484633,0.5224250714302502,0.0030381560163746063,0.0030381560163746063,124794.42523716367,56283.46915821169,416461.1636714534,321813.8440010341,1871.5041060867575,1871.5041060867575
Tonga,TON,34800.0,Polynesia,0.174302280131929,0.06366878456026286,0.4433660665740349,0.283994206546718,0.00354014378058358,0.00354014378058358,6065.719348591129,2215.6737026971473,15429.139116776414,9882.998387825786,123.19700356430859,123.19700356430859
Trinidad and Tobago,TTO,650000.0,Caribbean,0.1545891537842408,0.05188834332297843,0.3052468345780504,0.1334087258282414,0.003110495239973497,0.003110495239973497,100482.94995975652,33727.42315993598,198410.44247573277,86715.6717883569,2021.821905982773,2021.821905982773
Tunisia,TUN,4250000.0,Northern Africa,0.22014597492927301,0.10137870349721445,0.46507412784650753,0.27251183378451704,0.0,0.0,935620.3934494103,430859.4898631614,1976565.043347657,1158175.2935841975,0.0,0.0
Türkiye,TUR,36100000.0,Western Asia,0.23213206059356825,0.09934563778846793,0.4672712515674655,0.26665895889586205,0.0,0.0,8379967.387427814,3586377.5241636923,16868492.181585506,9626388.41614062,0.0,0.0
Tuvalu,TUV,9646.0,Polynesia,0.14655841596206476,0.06797623385174363,0.2966424940698068,0.16986812796967532,0.0,0.0,1413.7024803700767,655.698751733919,2861.4134977973563,1638.5479623954882,0.0,0.0
Tanzania,TZA,33000000.0,Eastern Africa,0.25321394137218295,0.19803948195692003,0.711911925310183,0.6180045740831132,0.0006886806006631563,0.0006886806006631563,8356060.0652820375,6535302.904578361,23493093.53523604,20394150.944742735,22726.459821884157,22726.459821884157
Uganda,UGA,22800000.0,Eastern Africa,0.16624614565089918,0.06738357046927393,0.7888944848840906,0.6533914804094634,0.0010003129177720766,0.0010003129177720766,3790412.1208405015,1536345.4066994456,17986794.255357265,14897325.753335765,22807.134525203346,22807.134525203346
Ukraine,UKR,25040604.0,Eastern Europe,0.1879769151125442,0.07844765604794057,0.399687587413512,0.23412507848755343,0.0,0.0,4707055.492474834,1964376.689824685,10008418.600137139,5862633.376875744,0.0,0.0
Uruguay,URY,1770000.0,South America,0.232700489032807,0.08161517848115776,0.43271588520623694,0.20451954839096093,0.00249321445097484,0.00249321445097484,411879.8655880684,144458.86591164925,765907.1168150394,361999.60065200087,4412.989578225467,4412.989578225467
United States,USA,174000000.0,Northern America,0.18931258219764338,0.07795968330816772,0.30895534445856676,0.144290904802498,0.0,0.0,32940389.30238995,13564984.895621182,53758229.93579061,25106617.435634654,0.0,0.0
Uzbekistan,UZB,14000000.0,Central Asia,0.19521435979060606,0.09303081525171464,0.5655919499063718,0.4088045441697324,,,2733001.037068485,1302431.4135240049,7918287.298689206,5723263.618376253,,
St. Vincent and the Grenadines,VCT,52100.0,Caribbean,0.1788193580665751,0.11797794981775042,0.7571440188840576,0.6647373316068305,,,9316.488555268563,6146.651185504797,39447.2033838594,34632.81497671587,,
Venezuela,VEN,11100000.0,South America,0.25073559502753645,0.0921160268326166,0.557084973582084,0.3153163254193372,,,2783165.1048056544,1022487.8978420444,6183643.206761132,3500011.2121546427,,
British Virgin Islands,VGB,22000.0,Caribbean,0.2064262068979088,0.08738290113748153,0.4208660792951542,0.23980418521330674,,,4541.376551753994,1922.4238250245935,9259.053744493393,5275.692074692748,,
United States Virgin Islands,VIR,47200.0,Caribbean,0.2064262068979088,0.08738290113748153,0.4208660792951542,0.23980418521330674,,,9743.316965581296,4124.472933689128,19864.878942731277,11318.757542068079,,
Vietnam,VNM,57100000.0,South-eastern Asia,0.23215466801080714,0.09171613191156464,0.5684381666839956,0.3624191943395947,0.00209072930785124,0.00209072930785124,13256031.543417089,5236991.132150341,32457819.31765615,20694135.996790856,119380.6434783058,119380.6434783058
Vanuatu,VUT,118000.0,Melanesia,0.18825791792985935,0.08741826153416928,0.585360345986999,0.436063981618811,0.003507337719703063,0.003507337719703063,22214.434315723403,10315.354861031974,69072.52082646589,51455.5498310197,413.8658509249614,413.8658509249614
Samoa,WSM,57200.0,Polynesia,0.19278808840522443,0.0792547380391027,0.5547869765691164,0.38797545228052294,0.0,0.0,11027.478656778838,4533.371015836674,31733.815059753455,22192.19587044591,0.0,0.0
Kosovo,XKX,464567.0,Southern Europe,0.23897643011920816,0.07381049245318352,0.41245721414271924,0.16828084389652762,0.0,0.0,111020.56321119018,34289.91904749811,191614.01060264066,78177.72680647814,0.0,0.0
Yemen,YEM,7850000.0,Western Asia,0.20036394510583713,0.07296871014172512,0.5158951632086753,0.2985684138531787,,,1572856.9690808214,572804.3746125422,4049777.0311881015,2343762.048747453,,
South Africa,ZAF,27800000.0,Southern Africa,0.1614197202568432,0.052503369538815216,0.35521120059674305,0.16714896033174503,0.0005514594800299703,0.0005514594800299703,4487468.223140241,1459593.673179063,9874871.376589457,4646741.097222512,15330.573544833174,15330.573544833174
Zambia,ZMB,7410000.0,Eastern Africa,0.14920998063592839,0.043288329545753915,0.705731227430976,0.5541937020758286,0.0011565753524550677,0.0011565753524550677,1105645.9565122293,320766.5219340365,5229468.395263532,4106575.33238189,8570.223361692051,8570.223361692051
Zimbabwe,ZWE,6390000.0,Eastern Africa,0.15277446166854336,0.05149046612513305,0.7054709352507307,0.5453905883463693,0.0005484621829135135,0.0005484621829135135,976228.810061992,329024.0785396002,4507959.276252169,3485045.8595333,3504.6733488173513,3504.6733488173513
